customer_id,first_name,last_name,gender,age,registration_date,state_code,zip_code,customer_segment,subscription_type,christmas_spending_multiplier,churn_status,churn_date
B0-CUST000001,Emma,Martin,Female,28,2022-05-14,CA,90001,Standard,Standard,1.6,Active,
B0-CUST000002,Liam,Garcia,Male,35,2020-11-03,NY,10001,Occasional,Standard,1.2,Churned,2023-08-17
B0-CUST000003,Chloé,Dubois,Female,31,2023-03-22,TX,73301,VIP,Prime,2.5,Active,
B0-CUST000004,Noah,Brown,Male,22,2021-07-09,FL,33101,Premium,Prime,2.1,Active,
B0-CUST000005,Ava,Patel,Female,44,2019-12-01,IL,60601,Standard,Standard,1.4,Churned,2020-09-15
B0-CUST000006,Oliver,Kumar,Male,29,2022-02-18,WA,98101,Occasional,Standard,1.3,Active,
B0-CUST000007,Isabella,Martinez,Female,26,2023-08-30,AZ,85001,VIP,Prime,2.7,Active,
B0-CUST000008,Lucas,Silva,Male,38,2020-04-12,GA,30301,Standard,Standard,1.5,Churned,2021-12-02
B0-CUST000009,Mia,Nguyen,Female,33,2021-10-05,CA,94102,Standard,Prime,1.7,Active,
B0-CUST000010,James,Johnson,Male,41,2020-08-19,TX,77001,Occasional,Standard,1.2,Churned,2022-03-08
B0-CUST000011,Sophia,Lee,Female,27,2024-01-25,NY,10002,VIP,Prime,2.9,Active,
B0-CUST000012,Ethan,Rodriguez,Male,36,2022-09-11,CA,90002,Premium,Prime,2.2,Active,
B0-CUST000013,Olivia,Clark,Female,24,2021-05-05,FL,33134,Occasional,Standard,1.1,Active,
B0-CUST000014,Benjamin,Hernandez,Male,45,2018-12-20,IL,60656,Standard,Standard,1.6,Churned,2021-07-22
B0-CUST000015,Charlotte,Gonzalez,Female,32,2022-03-14,WA,98102,VIP,Prime,2.4,Active,
B0-CUST000016,Henry,Anderson,Male,28,2020-06-07,CO,80201,Premium,Prime,2.3,Active,
B0-CUST000017,Amelia,Davis,Female,39,2019-02-28,NY,10003,Standard,Standard,1.5,Churned,2023-04-12
B0-CUST000018,Daniel,Lopez,Male,23,2024-07-19,TX,75001,Occasional,Standard,1.2,Active,
B0-CUST000019,Grace,Kim,Female,30,2023-01-12,CA,94103,Standard,Standard,1.4,Active,
B0-CUST000020,Mason,Ng,Male,34,2021-11-30,FL,33601,Occasional,Standard,1.3,Active,
CUST000001,Liam,Martin,Male,28,2021-03-15,CA,94107,Standard,Standard,1.2,Active,
CUST000002,Emma,Dubois,Female,34,2020-11-22,NY,10001,Standard,Standard,1.4,Churned,2022-05-14
CUST000003,Noah,Kovacs,Male,22,2023-07-08,TX,73301,Occasional,Standard,1.1,Active,
CUST000004,Olivia,Garcia,Female,41,2020-02-18,CA,90001,Premium,Prime,2.0,Active,
CUST000005,Ava,Nguyen,Female,29,2022-09-05,FL,33011,VIP,Prime,2.5,Active,
CUST000006,Mason,Lee,Male,37,2021-04-12,IL,60601,Standard,Standard,1.3,Churned,2023-01-19
CUST000007,Sophia,Miller,Female,31,2020-12-30,WA,98101,Premium,Prime,2.1,Active,
CUST000008,Isabella,Brown,Female,26,2024-01-20,TX,73344,Occasional,Standard,1.1,Active,
CUST000009,Lucas,Davis,Male,45,2023-05-17,NY,10002,VIP,Prime,2.7,Active,
CUST000010,Mia,Rodriguez,Female,33,2022-08-04,CA,94102,Standard,Standard,1.3,Active,
CUST000011,Ella,Silva,Female,27,2021-06-14,FL,33101,Occasional,Standard,1.2,Active,
CUST000012,Jackson,Anderson,Male,39,2020-10-09,CA,90210,Standard,Standard,1.4,Churned,2021-12-30
CUST000013,Chloe,Martin,Female,24,2023-02-21,WA,98052,VIP,Prime,2.9,Active,
CUST000014,Amelia,Perez,Female,32,2021-09-11,NY,11201,Premium,Prime,2.3,Active,
CUST000015,Henry,Clark,Male,40,2020-03-03,TX,77001,Standard,Standard,1.4,Churned,2022-08-08
CUST000016,Grace,Walker,Female,29,2022-07-19,CA,94105,VIP,Prime,2.6,Active,
CUST000017,Owen,Hernandez,Male,36,2020-05-25,IL,60614,Standard,Standard,1.3,Active,
CUST000018,Scarlett,Young,Female,28,2023-11-02,CA,90012,Occasional,Standard,1.05,Active,
CUST000019,James,King,Male,44,2020-08-29,NY,10003,Premium,Prime,2.0,Churned,2023-03-01
CUST000020,Sophie,Lopez,Female,35,2019-12-01,CA,94104,VIP,Prime,2.8,Active,
B2-CUST000001,Emily,Smith,Female,29,2022-03-15,CA,90001,Standard,Standard,1.4,Active,
B2-CUST000002,Liam,Brown,Male,34,2021-11-08,NY,10001,Occasional,Standard,1.1,Churned,2023-04-10
B2-CUST000003,Sophia,Garcia,Female,26,2023-06-22,TX,73301,Standard,Prime,1.2,Active,
B2-CUST000004,Noah,Miller,Male,42,2020-12-05,FL,33101,VIP,Prime,2.0,Active,
B2-CUST000005,Olivia,Davis,Female,31,2022-09-17,CA,94105,Premium,Standard,1.8,Active,
B2-CUST000006,James,Rodriguez,Male,38,2021-02-14,IL,60601,Standard,Standard,1.5,Churned,2022-12-20
B2-CUST000007,Emma,Martinez,Female,23,2024-01-07,WA,98001,Occasional,Standard,1.1,Active,
B2-CUST000008,Benjamin,Hernandez,Male,45,2020-07-21,TX,75001,VIP,Prime,2.2,Active,
B2-CUST000009,Isabella,Lopez,Female,27,2023-04-02,NY,11201,Standard,Standard,1.6,Churned,2024-02-19
B2-CUST000010,Michael,Gonzalez,Male,33,2022-05-30,CA,90002,Occasional,Prime,1.3,Active,
B2-CUST000011,Ava,Wilson,Female,28,2021-09-12,FL,33101,Standard,Standard,1.4,Active,
B2-CUST000012,Lucas,Anderson,Male,35,2020-10-03,CA,90003,Standard,Prime,1.7,Churned,
B2-CUST000013,Mia,Thomas,Female,22,2024-06-25,WA,98101,Occasional,Standard,1.0,Active,
B2-CUST000014,Ethan,Taylor,Male,39,2021-12-11,NY,10005,VIP,Prime,2.5,Active,
B2-CUST000015,Chloe,Johnson,Female,40,2020-04-04,CA,94102,Premium,Standard,1.9,Active,
B2-CUST000016,Daniel,White,Male,32,2023-08-08,TX,73344,Standard,Standard,1.5,Churned,2024-11-02
B2-CUST000017,Sophia,Clark,Female,29,2022-02-17,IL,60602,Occasional,Prime,1.2,Active,
B2-CUST000018,Henry,Lewis,Male,31,2021-08-25,GA,30301,Standard,Prime,1.6,Active,
B2-CUST000019,Grace,Lee,Female,24,2020-03-19,CO,80201,VIP,Prime,2.1,Active,
B2-CUST000020,Jameson,Walker,Male,36,2023-09-01,FL,33601,Premium,Prime,2.0,Active,
B3-CUST000001,Emma,Martin,Female,28,2023-05-14,CA,94016,Standard,Standard,1.4,Active,
B3-CUST000002,Liam,Johnson,Male,35,2021-08-23,NY,10001,Occasional,Standard,1.2,Churned,2022-12-18
B3-CUST000003,Sophia,Williams,Female,42,2019-11-02,TX,73301,Standard,Prime,2.1,Active,
B3-CUST000004,Noah,Brown,Male,31,2020-03-19,FL,33101,VIP,Prime,2.2,Active,
B3-CUST000005,Olivia,Davis,Female,26,2024-02-10,IL,60601,Premium,Standard,1.8,Active,
B3-CUST000006,Lucas,Miller,Male,33,2022-07-05,WA,98101,Standard,Prime,2.0,Active,
B3-CUST000007,Ava,Garcia,Female,29,2023-09-30,GA,30301,Occasional,Standard,1.3,Churned,2024-05-12
B3-CUST000008,James,Rodriguez,Male,44,2020-01-15,CA,90001,Standard,Prime,2.0,Active,
B3-CUST000009,Isabella,Martinez,Female,21,2024-08-22,NY,11201,Occasional,Standard,1.1,Churned,2024-12-15
B3-CUST000010,Benjamin,Hernandez,Male,38,2021-04-03, TX,75001,VIP,Prime,2.5,Active,
B3-CUST000011,Mia,Clark,Female,34,2022-12-28,IL,60606,Premium,Prime,2.0,Active,
B3-CUST000012,Henry,Lewis,Male,39,2018-06-17,NJ,07001,Standard,Standard,1.5,Churned,2020-11-22
B3-CUST000013,Ella,Walker,Female,27,2023-03-11,TX,73344,Occasional,Standard,1.2,Active,
B3-CUST000014,Daniel,Hall,Male,32,2020-09-09,CA,94014,Standard,Prime,2.1,Active,
B3-CUST000015,Chloe,Allen,Female,23,2024-01-20,FL,33602,Occasional,Standard,1.3,Active,
B3-CUST000016,Ethan,Young,Male,45,2017-05-25,WA,98052,VIP,Prime,2.4,Active,
B3-CUST000017,Grace,King,Female,31,2019-02-14,MA,02139,Premium,Standard,2.0,Active,
B3-CUST000018,Michael,Wright,Male,36,2022-10-07,CO,80202,Standard,Prime,2.0,Active,
B3-CUST000019,Lily,Lopez,Female,29,2021-09-15,VA,22030,Standard,Prime,1.9,Active,
B3-CUST000020,Jack,Hill,Male,40,2020-05-04,AZ,85001,VIP,Prime,2.3,Churned,2023-03-09
B4-CUST000001,Liam,Patel,Male,28,2021-04-15,CA,94107,Standard,Standard,1.8,Active,
B4-CUST000002,Emma,Garcia,Female,34,2020-11-30,TX,73301,VIP,Prime,2.4,Active,
B4-CUST000003,Noah,Smith,Male,42,2022-08-22,NY,10001,Occasional,Standard,1.2,Churned,2023-12-12
B4-CUST000004,Olivia,Jones,Female,25,2023-02-14,FL,33101,Standard,Standard,1.6,Active,
B4-CUST000005,Benjamin,Lee,Male,39,2021-07-07,CA,90001,Premium,Prime,2.9,Active,
B4-CUST000006,Isabella,Brown,Female,31,2020-12-19,WA,98001,VIP,Prime,2.7,Active,
B4-CUST000007,James,Davis,Male,23,2022-05-03,IL,60601,Occasional,Standard,1.4,Churned,2024-04-02
B4-CUST000008,Mia,Miller,Female,29,2021-03-28,GA,30301,Standard,Standard,1.5,Active,
B4-CUST000009,Lucas,Wilson,Male,45,2020-09-10,NY,10002,Standard,Prime,2.0,Churned,2023-11-20
B4-CUST000010,Amelia,Moore,Female,36,2023-01-25,TX,73344,Premium,Prime,2.3,Active,
B4-CUST000011,Ethan,Taylor,Male,27,2020-06-12,CA,94043,Standard,Standard,1.7,Active,
B4-CUST000012,Chloe,Anderson,Female,33,2022-10-02,FL,33601,Occasional,Standard,1.3,Active,
B4-CUST000013,Henry,Thomas,Male,50,2020-02-18,WA,98101,VIP,Prime,2.5,Active,
B4-CUST000014,Grace,Hernandez,Female,22,2024-07-09,AZ,85001,Occasional,Standard,1.1,Active,
B4-CUST000015,Alexander,Martinez,Male,38,2020-03-25,CA,94203,Premium,Prime,2.6,Active,
B4-CUST000016,Sophie,Perez,Female,26,2023-09-14,NY,10003,Standard,Standard,1.9,Active,
B4-CUST000017,Daniel,Clark,Male,40,2021-08-01,TX,78204,Standard,Standard,1.6,Churned,2022-12-28
B4-CUST000018,Ella,Robinson,Female,35,2022-01-18,CA,94040,VIP,Prime,2.8,Active,
B4-CUST000019,Mason,Lewis,Male,32,2021-12-03,IL,60614,Standard,Prime,1.8,Active,
B4-CUST000020,Grace,Adams,Female,28,2020-10-11,GA,30308,Occasional,Standard,1.3,Active,
B5-CUST000001,Ava,Dubois,Female,28,2021-05-14,CA,90001,Standard,Standard,1.8,Active,
B5-CUST000002,Noah,Martin,Male,34,2020-11-22,NY,10001,Occasional,Standard,1.2,Churned,2022-04-10
B5-CUST000003,Léa,Moreau,Female,26,2022-02-03,CA,94105,VIP,Prime,2.5,Active,
B5-CUST000004,Miguel,Rodriguez,Male,41,2021-08-19,TX,73301,Standard,Prime,2.0,Active,
B5-CUST000005,Emma,Kowalski,Female,22,2023-03-11,IL,60601,Premium,Prime,2.2,Active,
B5-CUST000006,Lucas,Meyer,Male,37,2020-12-01,FL,33101,Standard,Standard,1.6,Churned,2023-01-15
B5-CUST000007,Chloé,Lefèvre,Female,29,2022-07-07,WA,98101,VIP,Prime,2.7,Active,
B5-CUST000008,James,Brown,Male,31,2021-09-09,GA,30002,Occasional,Standard,1.3,Churned,2022-12-02
B5-CUST000009,Sophie,Martin,Female,35,2020-03-18,NY,10011,Standard,Standard,1.7,Active,
B5-CUST000010,Oliver,Schmidt,Male,27,2024-01-25,CA,94107,Occasional,Standard,1.4,Active,
B5-CUST000011,Mia,García,Female,24,2023-06-30,TX,75001,VIP,Prime,2.8,Active,
B5-CUST000012,Ethan,Johnson,Male,42,2020-10-10,FL,33135,Premium,Prime,2.4,Churned,2024-06-21
B5-CUST000013,Aaliyah,Ali,Female,33,2021-04-14,PA,19104,Standard,Standard,1.5,Active,
B5-CUST000014,Daniel,Kim,Male,29,2022-11-02,IL,60604,Occasional,Standard,1.3,Active,
B5-CUST000015,Ella,Parker,Female,39,2020-05-20,OH,44101,VIP,Prime,2.9,Active,
B5-CUST000016,Benjamin,Nguyen,Male,26,2023-09-09,CA,90012,Standard,Standard,1.9,Churned,2023-10-30
B5-CUST000017,Isabella,Silva,Female,32,2021-12-12,NY,11201,Standard,Prime,1.8,Active,
B5-CUST000018,Logan,Robinson,Male,45,2020-08-08,TX,77401,Occasional,Standard,1.4,Churned,2022-03-09
B5-CUST000019,Priya,Sharma,Female,38,2022-03-03,CA,94016,Premium,Prime,2.6,Active,
B5-CUST000020,Henry,Martin,Male,23,2024-07-15,WA,98004,VIP,Prime,3.0,Active,
B6-CUST000001,Ava,Martin,Female,29,2021-04-15,CA,90001,Standard,Standard,1.4,Active,
B6-CUST000002,Liam,Anderson,Male,34,2020-11-02,NY,10001,Occasional,Standard,1.1,Churned,2022-05-18
B6-CUST000003,Emma,Dubois,Female,26,2022-01-20,TX,73301,Standard,Prime,1.6,Active,
B6-CUST000004,Noah,Kim,Male,42,2020-08-30,FL,33101,VIP,Prime,2.2,Active,
B6-CUST000005,Sophia,Garcia,Female,31,2021-06-07,CA,94107,Premium,Prime,2.0,Active,
B6-CUST000006,James,Nguyen,Male,28,2023-03-12,WA,98052,Standard,Standard,1.35,Active,
B6-CUST000007,Chloe,Rodriguez,Female,24,2022-12-25,TX,75001,Occasional,Standard,1.2,Churned,2023-07-14
B6-CUST000008,Lucas,Martinez,Male,36,2020-02-14,IL,60601,Standard,Standard,1.25,Active,
B6-CUST000009,Mia,Hernandez,Female,22,2024-05-09,GA,30301,Occasional,Standard,1.15,Active,
B6-CUST000010,Ethan,Patel,Male,39,2020-09-19,NJ,07001,VIP,Prime,2.3,Active,
B6-CUST000011,Avery,Khan,Female,27,2021-08-23,VA,20190,Premium,Prime,2.1,Active,
B6-CUST000012,Lucas,Brown,Male,33,2020-03-03,OH,44101,Standard,Standard,1.3,Active,
B6-CUST000013,Grace,Sanchez,Female,30,2023-07-07,CO,80201,Occasional,Standard,1.2,Active,
B6-CUST000014,Henry,Liu,Male,45,2019-12-15,CA,90012,VIP,Prime,2.5,Churned,2021-11-02
B6-CUST000015,Aria,Schmidt,Female,38,2021-10-28,NY,10027,Premium,Prime,2.2,Active,
B6-CUST000016,Mateo,Rossi,Male,29,2022-04-16,FL,33155,Standard,Standard,1.4,Active,
B6-CUST000017,Ella,Zhang,Female,25,2020-07-21,WA,98101,Occasional,Standard,1.2,Active,
B6-CUST000018,Daniel,Kim,Male,40,2019-05-03,IL,60602,VIP,Prime,2.4,Active,
B6-CUST000019,Isabella,Ng,Female,28,2021-02-19,TX,73344,Premium,Prime,2.0,Active,
B6-CUST000020,Evelyn,Wright,Female,32,2020-10-05,CA,94105,Standard,Standard,1.3,Active,
B7-CUST000001,Ava,Martin,Female,29,2021-03-15,CA,90001,Standard,Prime,1.8,Active,
B7-CUST000002,Léo,Dubois,Male,34,2019-11-22,CA,90002,VIP,Standard,2.2,Active,
B7-CUST000003,Sophia,Garcia,Female,41,2020-07-08,TX,75001,Premium,Prime,2.0,Active,
B7-CUST000004,Mason,Williams,Male,22,2022-01-25,NY,10001,Occasional,Standard,1.3,Churned,2023-12-02
B7-CUST000005,Emma,Brown,Female,37,2020-05-17,FL,33101,Standard,Standard,1.6,Active,
B7-CUST000006,Noah,Jones,Male,28,2023-02-10,IL,60601,Occasional,Prime,1.2,Active,
B7-CUST000007,Isabella,Miller,Female,31,2021-09-30,WA,98101,VIP,Prime,2.5,Active,
B7-CUST000008,Liam,Davis,Male,45,2018-04-12,GA,30301,Premium,Standard,2.1,Churned,2022-01-14
B7-CUST000009,Olivia,Rodriguez,Female,26,2022-12-03,AZ,85001,Standard,Prime,1.7,Active,
B7-CUST000010,Ethan,Martinez,Male,38,2020-08-21,NC,27601,Standard,Standard,1.5,Churned,2024-05-09
B7-CUST000011,Chloe,Hernandez,Female,33,2021-06-14,NY,10002,Occasional,Prime,1.4,Active,
B7-CUST000012,Lucas,Clark,Male,27,2023-03-05,TX,77002,Standard,Prime,1.6,Active,
B7-CUST000013,Grace,Lewis,Female,39,2020-10-11,CA,94102,VIP,Prime,2.7,Active,
B7-CUST000014,James,Lee,Male,24,2021-01-19,OR,97201,Occasional,Standard,1.2,Active,
B7-CUST000015,Mia,Walker,Female,29,2019-09-05,FL,33010,Standard,Prime,1.9,Churned,2023-08-30
B7-CUST000016,Benjamin,Allen,Male,36,2022-07-22,MI,48104,Premium,Prime,2.0,Active,
B7-CUST000017,Ella,Young,Female,21,2024-02-14,CO,80201,Occasional,Standard,1.3,Active,
B7-CUST000018,Oliver,King,Male,42,2017-11-30,TX,73301,VIP,Standard,2.6,Active,
B7-CUST000019,Aiden,Wright,Male,35,2019-04-02,VA,20101,Premium,Prime,2.3,Active,
B7-CUST000020,Charlotte,Lopez,Female,32,2020-12-29,WA,98001,VIP,Prime,2.4,Active,
B8-CUST000001,Emily,Martin,Female,29,2020-05-14,CA,90001,Standard,Standard,1.4,Churned,2022-11-03
B8-CUST000002,Liam,Jones,Male,34,2021-08-22,TX,73301,Standard,Prime,1.6,Active,
B8-CUST000003,Sophie,Dubois,Female,27,2022-03-09,NY,10001,Occasional,Standard,1.2,Churned,2023-12-15
B8-CUST000004,Michael,Garcia,Male,41,2019-12-02,FL,33101,VIP,Prime,2.3,Active,
B8-CUST000005,Ava,Kim,Female,22,2023-02-18,CA,90022,Premium,Prime,2.1,Active,
B8-CUST000006,Noah,Brown,Male,36,2020-09-10,IL,60601,Standard,Standard,1.5,Churned,2022-04-07
B8-CUST000007,Zoë,Ndiaye,Female,31,2021-04-25,GA,30301,Occasional,Standard,1.1,Active,
B8-CUST000008,Daniel,Schmidt,Male,28,2022-11-30,WA,98101,Standard,Prime,1.7,Active,
B8-CUST000009,Isabella,Rossi,Female,24,2023-07-07,NY,10002,VIP,Prime,2.6,Active,
B8-CUST000010,Ethan,Davis,Male,45,2020-01-15,TX,73344,VIP,Prime,2.8,Active,
B8-CUST000011,Chloe,Martinez,Female,33,2021-10-02,CA,90210,Premium,Standard,2.0,Active,
B8-CUST000012,Oliver,Clark,Male,39,2020-07-19,FL,33601,Standard,Standard,1.4,Churned,2021-12-02
B8-CUST000013,Mia,Lopez,Female,26,2022-05-25,IL,60602,Occasional,Prime,1.3,Active,
B8-CUST000014,Lucas,Ng,Male,38,2020-03-11,NY,10003,Standard,Standard,1.6,Churned,2022-03-18
B8-CUST000015,Grace,Khanna,Female,30,2021-06-14,GA,30302,Standard,Standard,1.5,Active,
B8-CUST000016,Henry,Patel,Male,44,2018-09-08,TX,75001,VIP,Prime,2.4,Active,
B8-CUST000017,Ella,Singh,Female,28,2023-01-04,CA,94040,Premium,Prime,2.2,Active,
B8-CUST000018,Jacob,Anderson,Male,35,2019-11-21,FL,33101,Occasional,Standard,1.3,Churned,2021-08-30
B8-CUST000019,Aria,Kim,Female,23,2024-04-10,WA,98001,Occasional,Standard,1.2,Active,
B8-CUST000020,James,Lee,Male,32,2022-12-12,PA,19101,Standard,Prime,1.8,Active,
B9-CUST000001,Emma,Taylor,Female,28,2022-03-14,CA,90001,Standard,Standard,1.4,Active,
B9-CUST000002,Lucas,Moreau,Male,35,2020-11-02,NY,10001,Occasional,Standard,1.2,Churned,2022-08-15
B9-CUST000003,Sophia,Garcia,Female,42,2021-07-19,TX,73301,Standard,Prime,1.3,Active,
B9-CUST000004,Noah,Kim,Male,31,2023-01-05,FL,33101,VIP,Prime,2.1,Active,
B9-CUST000005,Chloe,Martinez,Female,26,2020-04-22,CA,94102,Premium,Prime,2.0,Active,
B9-CUST000006,Aiden,Davis,Male,39,2021-12-11,WA,98101,Standard,Standard,1.5,Churned,2023-03-09
B9-CUST000007,Mia,Clark,Female,22,2024-05-30,IL,60601,Occasional,Standard,1.1,Active,
B9-CUST000008,Liam,Rodriguez,Male,33,2020-09-18,NY,10018,Occasional,Standard,1.2,Churned,2021-12-02
B9-CUST000009,Isabelle,Singh,Female,29,2022-02-07,TX,75201,VIP,Prime,2.5,Active,
B9-CUST000010,Oliver,Khan,Male,45,2020-03-15,CA,90210,Standard,Standard,1.3,Active,
B9-CUST000011,Amelia,Brown,Female,38,2021-08-24,FL,33101,Premium,Prime,2.2,Active,
B9-CUST000012,Ethan,Lopez,Male,27,2023-06-10,GA,30002,Standard,Standard,1.4,Churned,2024-09-12
B9-CUST000013,Grace,Nguyen,Female,34,2022-12-01,CA,92093,VIP,Prime,2.8,Active,
B9-CUST000014,Henry,Patel,Male,40,2023-04-17,NY,10011,Standard,Standard,1.5,Active,
B9-CUST000015,Olivia,Thompson,Female,24,2024-01-08,TX,73344,Occasional,Standard,1.1,Active,
B9-CUST000016,Jack,White,Male,37,2021-10-02,WA,98109,Standard,Prime,1.6,Churned,2022-05-23
B9-CUST000017,Ella,Martins,Female,31,2020-08-14,IL,60657,VIP,Prime,2.4,Active,
B9-CUST000018,James,Lee,Male,29,2022-09-09,CA,94103,Premium,Prime,2.1,Active,
B9-CUST000019,Zoe,Kim,Female,26,2023-12-20,FL,33169,Occasional,Standard,1.0,Active,
B9-CUST000020,Daniel,Rossi,Male,44,2020-06-26,CA,94043,VIP,Prime,2.9,Active,
CUST000001,Sophia,Martin,Female,29,2021-03-14,CA,94105,VIP,Prime,2.5,Active,
CUST000002,Liam,Dubois,Male,34,2022-07-22,NY,10001,Standard,Standard,1.8,Churned,2024-11-02
CUST000003,Emma,Garcia,Female,22,2020-12-01,TX,73301,Occasional,Standard,1.2,Active,
CUST000004,Noah,Khan,Male,41,2019-05-08,FL,33101,Premium,Prime,2.1,Active,
CUST000005,Ava,Singh,Female,31,2023-02-19,IL,60601,VIP,Prime,2.8,Active,
CUST000006,Lucas,Martinez,Male,27,2024-01-05,CA,90001,Standard,Standard,1.6,Churned,2025-03-12
CUST000007,Mia,Rodriguez,Female,36,2020-09-18,NY,10002,Occasional,Standard,1.3,Active,
CUST000008,Oliver,Smith,Male,28,2021-11-30,TX,75001,Premium,Prime,2.4,Active,
CUST000009,Isabella,Brown,Female,24,2023-08-14,CA,94107,VIP,Prime,2.9,Active,
CUST000010,James,Lee,Male,45,2018-04-22,FL,33173,Standard,Standard,1.7,Churned,2024-12-20
CUST000011,Amelia,Hernandez,Female,33,2022-03-03,IL,60602,Occasional,Standard,1.25,Active,
CUST000012,Ethan,Wilson,Male,38,2021-06-25,WA,98101,Standard,Prime,1.75,Active,
CUST000013,Charlotte,Anderson,Female,29,2020-02-10,GA,30301,VIP,Prime,2.6,Active,
CUST000014,Henry,Thomas,Male,52,2017-09-15,MA,02108,Premium,Standard,2.0,Churned,2023-08-08
CUST000015,Ella,Martin,Female,26,2023-10-12,NC,27514,Occasional,Standard,1.4,Active,
CUST000016,Daniel,Clark,Male,39,2022-11-21,AZ,85001,Standard,Prime,1.9,Active,
CUST000017,Grace,Lewis,Female,23,2024-04-07,CO,80201,VIP,Prime,3.0,Active,
CUST000018,Jack,Walker,Male,31,2020-08-18,WA,98052,Standard,Standard,1.65,Active,
CUST000019,Chloe,Young,Female,27,2021-01-09,NY,10004,Occasional,Standard,1.25,Active,
CUST000020,Mason,Allen,Male,40,2019-12-02,CA,90210,Premium,Prime,2.2,Active,
B11-CUST000001,Liam,Andrews,Male,29,2021-05-14,CA,90001,Standard,Prime,1.8,Active,
B11-CUST000002,Élodie,Dubois,Female,34,2020-11-02,NY,10001,VIP,Standard,2.5,Active,
B11-CUST000003,Aiden,Kim,Male,41,2019-08-23,TX,73301,Premium,Prime,2.1,Active,
B11-CUST000004,Olivia,Garcia,Female,27,2022-03-19,FL,33101,VIP,Prime,2.4,Active,
B11-CUST000005,Noah,Martinez,Male,36,2020-07-07,IL,60601,Standard,Standard,1.9,Active,
B11-CUST000006,Emma,Rodriguez,Female,22,2023-01-15,CA,94105,Occasional,Standard,1.2,Churned,2024-12-18
B11-CUST000007,Lucas,Hernandez,Male,45,2018-04-09,NY,10012,Standard,Standard,1.7,Active,
B11-CUST000008,Mia,Lopez,Female,31,2021-09-30,WA,98101,Occasional,Prime,1.3,Active,
B11-CUST000009,Oliver,Gonzalez,Male,28,2022-06-12,TX,77001,Occasional,Standard,1.6,Churned,2023-09-09
B11-CUST000010,Sophia,Wilson,Female,39,2020-02-20,CA,90002,Standard,Prime,2.0,Active,
B11-CUST000011,James,Anderson,Male,52,2017-12-01,FL,32004,VIP,Prime,2.6,Active,
B11-CUST000012,Chloe,Thomas,Female,26,2023-04-26,GA,30301,Premium,Standard,2.2,Active,
B11-CUST000013,Ethan,Jackson,Male,33,2021-08-18,IL,60602,Standard,Prime,1.9,Churned,2024-03-11
B11-CUST000014,Amelia,Martin,Female,38,2019-05-05,NY,10011,VIP,Prime,2.7,Active,
B11-CUST000015,Benjamin,Lee,Male,44,2016-10-10,CA,90013,Standard,Standard,1.8,Active,
B11-CUST000016,Ella,Perez,Female,23,2024-01-22,TX,73344,Occasional,Standard,1.1,Active,
B11-CUST000017,Henry,Clark,Male,50,2015-09-09,WA,98102,VIP,Prime,2.9,Active,
B11-CUST000018,Grace,Lewis,Female,32,2021-07-07,NV,89101,Premium,Prime,2.4,Active,
B11-CUST000019,Daniel,Walker,Male,27,2022-09-09,CO,80201,Occasional,Standard,1.4,Active,
B11-CUST000020,Isabella,Hughes,Female,35,2020-12-12,AZ,85001,Standard,Prime,2.0,Active,
CUST000001,Emma,Taylor,Female,29,2021-03-15,CA,90001,Standard,Standard,1.6,Active,
CUST000002,Liam,Martinez,Male,34,2020-11-02,NY,10001,Occasional,Prime,2.1,Churned,2022-05-14
CUST000003,Sophia,Chen,Female,25,2022-07-22,TX,73301,Standard,Standard,1.8,Active,
CUST000004,Noah,Singh,Male,41,2019-08-30,FL,33101,VIP,Prime,2.9,Active,
CUST000005,Olivia,Williams,Female,32,2023-01-19,IL,60601,Premium,Prime,2.4,Active,
CUST000006,Aiden,Brown,Male,22,2021-12-03,CA,90002,Occasional,Standard,1.2,Churned,2023-02-20
CUST000007,Mia,Davis,Female,28,2020-05-14,WA,98101,Standard,Standard,1.7,Active,
CUST000008,Lucas,Miller,Male,38,2018-09-09,NY,10002,VIP,Prime,2.7,Active,
CUST000009,Isabella,Clark,Female,27,2022-04-01,TX,75201,Premium,Prime,2.5,Active,
CUST000010,James,Rodriguez,Male,45,2020-01-25,CA,94101,Standard,Standard,1.9,Active,
CUST000011,Amelia,Lewis,Female,31,2021-08-17,FL,33601,Occasional,Standard,1.4,Churned,2024-09-12
CUST000012,Benjamin,Walker,Male,36,2019-03-29,GA,30301,Standard,Standard,1.8,Active,
CUST000013,Ella,Hall,Female,23,2023-06-11,IL,60607,VIP,Prime,2.8,Active,
CUST000014,Mason,Allen,Male,39,2020-02-20,AZ,85001,Premium,Prime,2.6,Churned,2022-11-03
CUST000015,Harper,Young,Female,26,2021-10-10,NY,10003,Occasional,Standard,1.3,Active,
CUST000016,Henry,King,Male,33,2018-12-25,TX,73344,Standard,Standard,1.9,Active,
CUST000017,Evelyn,Wright,Female,40,2017-07-07,CA,90013,VIP,Prime,2.9,Active,
CUST000018,Daniel,Hernandez,Male,52,2016-04-04,FL,33155,VIP,Prime,3.0,Churned,2021-12-19
CUST000019,Grace,Lopez,Female,21,2024-01-12,WA,98001,Occasional,Standard,1.5,Active,
CUST000020,Daniela,Gonzalez,Female,28,2022-09-09,NJ,07001,Standard,Standard,1.7,Active,
B13-CUST000101,Sophia,Martin,Female,28,2022-03-14,CA,90012,Standard,Standard,1.4,Active,
B13-CUST000102,Liam,Garcia,Male,34,2020-11-22,TX,73301,Occasional,Standard,1.6,Churned,2021-12-15
B13-CUST000103,Emma,Williams,Female,42,2021-07-08,NY,10001,Standard,Prime,2.1,Active,
B13-CUST000104,Noah,Brown,Male,23,2023-02-19,FL,33101,VIP,Prime,2.3,Active,
B13-CUST000105,Olivia,Davis,Female,31,2020-09-05,CA,94107,Premium,Prime,2.0,Active,
B13-CUST000106,James,Miller,Male,29,2024-01-15,WA,98052,Standard,Standard,1.5,Active,
B13-CUST000107,Mia,Wilson,Female,27,2021-05-30,IL,60607,Occasional,Standard,1.8,Active,
B13-CUST000108,Elijah,Moore,Male,45,2019-12-02,NY,10027,VIP,Standard,2.6,Active,
B13-CUST000109,Ava,Taylor,Female,33,2023-08-11,TX,78701,Standard,Standard,1.7,Churned,2024-02-20
B13-CUST000110,Lucas,Anderson,Male,38,2020-04-18,CA,94016,Standard,Standard,1.9,Active,
B13-CUST000111,Isabella,Thomas,Female,26,2022-12-01,FL,33130,Occasional,Prime,1.3,Active,
B13-CUST000112,Ethan,Jackson,Male,39,2021-03-22,GA,30301,Standard,Prime,1.8,Active,
B13-CUST000113,Charlotte,White,Female,22,2024-07-09,NC,27513,Occasional,Standard,1.4,Active,
B13-CUST000114,Henry,Harris,Male,41,2020-02-20,OH,44107,VIP,Prime,2.4,Active,
B13-CUST000115,Amelia,Clark,Female,35,2023-10-05,WA,98034,Premium,Prime,2.2,Active,
B13-CUST000116,Benjamin,Lewis,Male,32,2021-08-25,IN,46202,Standard,Standard,1.6,Active,
B13-CUST000117,Ella,Robinson,Female,29,2022-06-14,MO,63101,Occasional,Standard,1.7,Active,
B13-CUST000118,Alexander,Walker,Male,44,2019-09-09,AZ,85001,VIP,Prime,2.9,Active,
B13-CUST000119,Grace,Hall,Female,38,2020-11-25,CA,94043,Standard,Standard,1.7,Churned,2022-09-12
B13-CUST000120,Daniel,Young,Male,26,2023-04-02,NC,27601,Occasional,Standard,1.2,Active,
B14-CUST000001,Emma,Martin,Female,28,2021-05-14,CA,90001,Standard,Standard,1.4,Churned,2023-11-02
B14-CUST000002,Léa,Dubois,Female,34,2020-09-22,NY,10001,VIP,Prime,2.6,Active,
B14-CUST000003,Oliver,Brown,Male,42,2022-03-11,TX,73301,Premium,Prime,2.1,Active,
B14-CUST000004,Ava,Patel,Female,26,2023-07-08,FL,33101,Occasional,Standard,1.2,Churned,2024-07-19
B14-CUST000005,Noah,Kim,Male,31,2020-11-02,IL,60601,Standard,Standard,1.5,Active,
B14-CUST000006,Sophia,García,Female,29,2021-01-20,WA,98101,VIP,Prime,2.8,Active,
B14-CUST000007,Lucas,Santos,Male,36,2022-12-05,GA,30301,Standard,Standard,1.6,Churned,2024-02-28
B14-CUST000008,Mia,Lopez,Female,22,2023-02-17,AZ,85001,Occasional,Standard,1.1,Active,
B14-CUST000009,James,Nguyen,Male,45,2020-06-30,CA,94101,Premium,Prime,2.5,Active,
B14-CUST000010,Chloe,Roberts,Female,33,2021-08-14, NY,10012,VIP,Prime,2.9,Active,
B14-CUST000011,Ethan,Singh,Male,27,2022-04-03, CO,80202,Occasional,Standard,1.3,Churned,2023-12-15
B14-CUST000012,Amelia,Clark,Female,39,2020-10-09, NY,10022,Standard,Standard,1.4,Active,
B14-CUST000013,Benjamin,Wilson,Male,52,2021-03-21,TX,77001,Standard,Prime,2.0,Churned,2022-12-01
B14-CUST000014,Isabella,Martinez,Female,44,2020-07-02,FL,33155,Premium,Prime,2.2,Active,
B14-CUST000015,Henry,Brown,Male,38,2021-11-19,CA,94105,Standard,Standard,1.5,Active,
B14-CUST000016,Olivia,Davis,Female,25,2023-04-25,WA,98401,Occasional,Standard,1.1,Churned,2024-06-10
B14-CUST000017,Michael,Johnson,Male,40,2022-09-09,NY,10011,VIP,Prime,2.7,Active,
B14-CUST000018,Grace,Lee,Female,31,2020-02-14,CA,90012,Premium,Prime,2.4,Active,
B14-CUST000019,Daniel,Kim,Male,29,2021-06-06,TX,75001,Standard,Prime,2.0,Churned,2023-03-10
B14-CUST000020,Scarlett,Anderson,Female,37,2022-12-23,FL,33601,Occasional,Standard,1.2,Active,
CUST000001,Emma,Martin,Female,28,2021-03-15,CA,90001,Standard,Standard,1.4,Active,
CUST000002,Noah,Garcia,Male,34,2020-11-22,NY,10001,Standard,Prime,1.9,Churned,2022-05-14
CUST000003,Ava,Rodriguez,Female,22,2022-07-08,TX,73301,Occasional,Standard,1.2,Active,
CUST000004,Liam,Hernandez,Male,45,2021-02-19,FL,33101,VIP,Prime,2.2,Active,
CUST000005,Olivia,Gonzalez,Female,31,2023-05-11,CA,90002,Premium,Prime,2.0,Active,
CUST000006,Lucas,Wilson,Male,29,2020-12-01,NY,10002,Standard,Standard,1.5,Churned,2023-03-12
CUST000007,Mia,Moore,Female,26,2024-01-20,IL,60601,VIP,Prime,2.5,Active,
CUST000008,James,Taylor,Male,38,2022-09-30,CA,94102,Standard,Prime,1.7,Active,
CUST000009,Sophia,Anderson,Female,24,2020-08-14,TX,77001,Occasional,Standard,1.3,Churned,2021-12-02
CUST000010,Benjamin,Thomas,Male,40,2021-04-07,FL,33102,Standard,Standard,1.6,Active,
CUST000011,Isabella,Lee,Female,33,2022-03-16,CA,90003,VIP,Prime,2.3,Active,
CUST000012,Elijah,Perez,Male,27,2020-10-29,NY,10003,Premium,Prime,2.1,Active,
CUST000013,Charlotte,White,Female,35,2021-06-03,CA,90004,Standard,Prime,1.8,Active,
CUST000014,Daniel,Harris,Male,52,2020-05-25,TX,75201,Occasional,Standard,1.4,Churned,2022-09-09
CUST000015,Amelia,Clark,Female,21,2024-08-22,IL,60602,VIP,Prime,2.6,Active,
CUST000016,Henry,Lewis,Male,32,2023-02-12,GA,30002,Standard,Standard,1.6,Active,
CUST000017,Evelyn,Robinson,Female,28,2022-11-25,CA,90005,Premium,Prime,2.0,Active,
CUST000018,Alexander,Walker,Male,41,2020-01-16,NY,10004,VIP,Prime,2.4,Active,
CUST000019,Grace,Young,Female,23,2023-09-09,CA,90006,Occasional,Standard,1.1,Active,
CUST000020,Daniela,Allen,Female,29,2021-07-07,FL,33103,Standard,Prime,1.9,Active,
B16-CUST000001,Emma,Martin,Female,28,2022-03-14,CA,90001,Standard,Standard,1.4,Active,
B16-CUST000002,Liam,Brown,Male,34,2020-11-02,TX,73301,Standard,Standard,1.6,Churned,2021-12-15
B16-CUST000003,Sophie,Dubois,Female,29,2023-07-19,NY,10001,Occasional,Standard,1.1,Active,
B16-CUST000004,Miguel,Garcia,Male,42,2021-05-08,FL,33101,Premium,Prime,2.0,Active,
B16-CUST000005,Ava,Singh,Female,23,2024-02-20,CA,90002,VIP,Prime,2.2,Active,
B16-CUST000006,Noah,Kim,Male,31,2020-09-30,IL,60601,Standard,Prime,1.8,Churned,2022-01-20
B16-CUST000007,Olivia,Nguyen,Female,26,2022-12-12,WA,98001,Occasional,Standard,1.2,Active,
B16-CUST000008,Lucas,Brown,Male,39,2023-04-04,AZ,85001,Standard,Standard,1.5,Active,
B16-CUST000009,Mila,Lopez,Female,27,2021-08-22,CA,94001,VIP,Prime,2.3,Active,
B16-CUST000010,Ethan,Rodriguez,Male,36,2020-01-15,NY,11201,Standard,Standard,1.7,Churned,2023-03-10
B16-CUST000011,Charlotte,Kowalski,Female,32,2021-03-28,MI,48001,Premium,Prime,2.1,Active,
B16-CUST000012,James,Wilson,Male,45,2020-06-18,TX,75201,VIP,Prime,2.4,Active,
B16-CUST000013,Chloe,Martin,Female,22,2023-09-09,CA,94101,Occasional,Standard,1.3,Active,
B16-CUST000014,Benjamin,Levy,Male,41,2022-10-10,NY,10005,Standard,Prime,1.9,Churned,2024-11-02
B16-CUST000015,Grace,Kim,Female,35,2020-02-25,CA,90210,Premium,Standard,2.0,Active,
B16-CUST000016,Henry,Patel,Male,29,2021-11-11,FL,33155,Occasional,Standard,1.2,Active,
B16-CUST000017,Ella,Singh,Female,33,2024-03-03,WA,98101,VIP,Prime,2.5,Active,
B16-CUST000018,Daniel,Martinez,Male,38,2019-12-22,CA,95401,Standard,Prime,1.6,Churned,2020-04-17
B16-CUST000019,Zoe,Rogers,Female,24,2022-07-07,TX,73344,Occasional,Standard,1.1,Active,
B16-CUST000020,Owen,Clark,Male,28,2023-05-20,IL,60614,Standard,Prime,1.9,Active,
B17-CUST000001,Emma,Martin,Female,29,2021-03-15,CA,90001,Standard,Standard,1.4,Active,
B17-CUST000002,Liam,O'Neil,Male,34,2020-11-02,NY,10001,Occasional,Standard,1.2,Churned,2023-07-19
B17-CUST000003,Sophia,Dubois,Female,41,2022-05-30,CA,94105,VIP,Prime,2.5,Active,
B17-CUST000004,Noah,Kim,Male,26,2023-08-20,TX,73301,Standard,Prime,1.8,Active,
B17-CUST000005,Ava,Garcia,Female,32,2020-02-14,FL,33101,Premium,Standard,2.0,Active,
B17-CUST000006,James,Rodriguez,Male,45,2021-12-01,IL,60601,Standard,Standard,1.6,Churned,2024-03-11
B17-CUST000007,Mia,Kovačić,Female,28,2022-09-09,WA,98101,Occasional,Standard,1.3,Active,
B17-CUST000008,Lucas,Ng,Male,39,2020-08-03,AZ,85001,VIP,Prime,3.0,Active,
B17-CUST000009,Isabella,Šimović,Female,22,2023-01-21,CO,80201,VIP,Prime,2.8,Active,
B17-CUST000010,Oliver,Patel,Male,31,2020-04-18,GA,30301,Standard,Prime,1.9,Churned,2022-12-02
B17-CUST000011,Amelia,Khan,Female,27,2021-07-07,NY,11201,Occasional,Standard,1.2,Active,
B17-CUST000012,Ethan,Martin,Male,38,2022-12-12,CA,94016,Standard,Standard,1.5,Churned,2024-05-22
B17-CUST000013,Chloe,Rossi,Female,33,2020-09-29,NV,89101,Premium,Prime,2.1,Active,
B17-CUST000014,Benjamin,Lee,Male,40,2021-03-05,TX,75001,VIP,Prime,2.6,Active,
B17-CUST000015,Ella,Davis,Female,24,2023-04-04,FL,33401,Occasional,Standard,1.1,Active,
B17-CUST000016,Henry,Brown,Male,52,2019-11-22,IL,60611,Standard,Standard,1.7,Churned,2023-09-15
B17-CUST000017,Grace,Wilson,Female,36,2020-06-18,WA,98052,Premium,Standard,2.0,Active,
B17-CUST000018,Daniel,Martinez,Male,29,2021-02-02,CO,80203,Occasional,Standard,1.3,Active,
B17-CUST000019,Sophia,Garcia,Female,35,2022-10-10,NY,10011,Standard,Prime,1.6,Active,
B17-CUST000020,Michael,Clark,Male,28,2024-01-05,CA,90024,Occasional,Standard,1.1,Active,
CUST000001,Liam,Henderson,Male,29,2022-03-15,CA,90001,Standard,Standard,1.9,Active,
CUST000002,Emma,Martin,Female,34,2021-07-22,NY,10001,Standard,Standard,1.6,Churned,2022-12-05
CUST000003,Noah,Dubois,Male,41,2020-11-02,TX,73301,Occasional,Standard,1.2,Churned,2021-09-14
CUST000004,Olivia,Garcia,Female,27,2023-02-28,FL,33101,VIP,Prime,2.3,Active,
CUST000005,Sophia,Kovacs,Female,32,2022-09-11,CA,94102,Premium,Prime,2.2,Active,
CUST000006,Mason,Ng,Male,25,2024-01-04,WA,98101,Standard,Prime,1.8,Active,
CUST000007,Ava,Patel,Female,38,2020-05-20,NY,10002,Standard,Standard,1.7,Churned,2023-04-30
CUST000008,James,O'Neil,Male,45,2021-12-13,CA,90002,VIP,Prime,2.6,Churned,2022-08-19
CUST000009,Isabella,Rossi,Female,28,2023-08-07,TX,75001,Occasional,Standard,1.1,Active,
CUST000010,Benjamin,Kim,Male,33,2022-04-18,IL,60601,Occasional,Standard,1.4,Active,
CUST000011,Mila,Davis,Female,26,2020-03-09,MA,02101,VIP,Prime,2.9,Active,
CUST000012,Lucas,Silva,Male,39,2021-10-25,FL,33150,Standard,Prime,1.8,Active,
CUST000013,Charlotte,Nakamura,Female,31,2022-12-01,WA,98102,Premium,Standard,2.0,Active,
CUST000014,Henry,Schmidt,Male,44,2020-08-15,NY,10003,Standard,Standard,1.5,Churned,2022-11-13
CUST000015,Amelia,Liu,Female,37,2023-05-29,CA,94103,VIP,Prime,2.7,Active,
CUST000016,Ethan,Brown,Male,22,2024-07-21,TX,73344,Occasional,Standard,1.2,Active,
CUST000017,Ella,Martin,Female,29,2023-01-02,IL,60644,Standard,Prime,1.9,Active,
CUST000018,Daniel,Gonzalez,Male,40,2021-06-10,CA,90012,Standard,Standard,1.6,Churned,2023-01-02
CUST000019,Chloe,Martin,Female,24,2020-09-17,GA,30301,Premium,Prime,2.1,Active,
CUST000020,Lucas,Brown,Male,36,2022-02-05,VA,20104,VIP,Prime,2.4,Active,
B19-CUST000001,Emma,Martin,Female,29,2021-04-12,CA,94107,Premium,Prime,2.1,Active,
B19-CUST000002,Léo,Dubois,Male,34,2020-11-23,NY,10001,Standard,Standard,1.6,Churned,2022-06-15
B19-CUST000003,Ava,Patel,Female,24,2023-07-08,TX,73301,Occasional,Standard,1.2,Churned,2024-02-20
B19-CUST000004,Noah,Kim,Male,41,2022-03-19,FL,33101,VIP,Prime,2.5,Active,
B19-CUST000005,Sophia,Garcia,Female,31,2020-09-02,IL,60601,Premium,Prime,2.3,Active,
B19-CUST000006,Lucas,Smith,Male,27,2021-12-14,CA,90001,Standard,Standard,1.8,Churned,2023-09-11
B19-CUST000007,Mia,Johnson,Female,22,2024-05-20,WA,98101,Occasional,Standard,1.1,Active,
B19-CUST000008,Ethan,Clark,Male,38,2020-02-28,TX,75001,Standard,Prime,2.0,Churned,2022-01-03
B19-CUST000009,Isabella,Lopez,Female,33,2022-08-07,NY,10002,VIP,Prime,2.8,Active,
B19-CUST000010,Oliver,Martinez,Male,28,2023-01-15,CA,94102,Standard,Standard,1.7,Active,
B19-CUST000011,Chloe,Ng,Female,26,2021-06-30,IL,60602,Occasional,Prime,1.4,Churned,2023-04-22
B19-CUST000012,Daniel,O'Neill,Male,45,2020-10-10,FL,33134,VIP,Prime,2.9,Active,
B19-CUST000013,Grace,Khan,Female,39,2021-03-07,CA,90210,Premium,Standard,2.2,Active,
B19-CUST000014,James,Brown,Male,52,2019-12-01,NY,10003,Standard,Standard,1.9,Churned,2021-11-21
B19-CUST000015,Aria,Singh,Female,35,2022-04-18,TX,73344,Premium,Prime,2.4,Active,
B19-CUST000016,Henry,Lopez,Male,23,2024-09-09,CA,94016,Occasional,Standard,1.3,Active,
B19-CUST000017,Zoe,Patel,Female,29,2020-07-21,WA,98121,VIP,Prime,2.7,Active,
B19-CUST000018,Samuel,Parker,Male,31,2021-11-02,GA,30301,Standard,Standard,1.6,Churned,2022-08-14
B19-CUST000019,Layla,Nguyen,Female,27,2023-05-25,AZ,85001,Occasional,Prime,1.5,Active,
B19-CUST000020,Mason,Rossi,Male,42,2020-08-13,NC,27701,Premium,Prime,2.4,Churned,2023-03-30
B20-CUST000001,Ava,Martin,Female,27,2021-05-14,CA,94105,Standard,Prime,1.8,Active,
B20-CUST000002,Léa,Dubois,Female,34,2020-11-03,NY,10001,VIP,Prime,2.4,Active,
B20-CUST000003,Noah,Kim,Male,22,2022-07-20,TX,73301,Occasional,Standard,1.2,Churned,2024-12-12
B20-CUST000004,Emma,Garcia,Female,31,2023-02-28,FL,33101,Standard,Standard,1.5,Active,
B20-CUST000005,Oliver,Rodriguez,Male,40,2020-08-19,CA,90001,Premium,Standard,2.1,Active,
B20-CUST000006,Isabella,Khan,Female,29,2021-12-05,IL,60601,VIP,Prime,2.6,Active,
B20-CUST000007,Mason,Silva,Male,26,2024-03-10,WA,98101,Standard,Standard,1.4,Churned,2025-03-01
B20-CUST000008,Charlotte,Brown,Female,35,2020-04-22,NY,10027,Premium,Prime,2.2,Active,
B20-CUST000009,Lucas,Nguyen,Male,21,2022-09-12,TX,77002,Occasional,Standard,1.1,Churned,2024-10-05
B20-CUST000010,Amelia,Williams,Female,28,2023-06-16,CA,94107,Standard,Prime,1.9,Active,
B20-CUST000011,James,O'Neill,Male,45,2020-01-10,FL,33601,VIP,Prime,2.8,Active,
B20-CUST000012,Sophia,Martinez,Female,33,2021-08-30,IL,60602,Premium,Standard,2.0,Active,
B20-CUST000013,Henry,Patel,Male,38,2020-09-14,GA,30301,Standard,Standard,1.6,Churned,2023-11-22
B20-CUST000014,Emily,Clark,Female,24,2022-11-25,WA,98052,Occasional,Standard,1.3,Active,
B20-CUST000015,Ethan,Lee,Male,32,2021-03-07,NY,10009,VIP,Prime,2.9,Active,
B20-CUST000016,Grace,Singh,Female,27,2020-07-21,CA,94112,Standard,Prime,1.7,Active,
B20-CUST000017,Daniel,Jones,Male,31,2023-01-18,TX,75201,Standard,Prime,1.8,Churned,2024-08-09
B20-CUST000018,Chloe,Davis,Female,29,2022-04-05,CA,90210,VIP,Prime,2.5,Active,
B20-CUST000019,Michael,Wilson,Male,41,2019-12-12,FL,33155,Premium,Standard,2.0,Active,
B20-CUST000020,Sophie,Lopez,Female,36,2020-05-09,GA,30308,Occasional,Standard,1.3,Active,
CUST000001,Emma,Martin,Female,30,2022-03-15,CA,94107,Premium,Prime,2.4,Active,
CUST000002,Liam,Brown,Male,42,2020-11-20,NY,10001,Standard,Standard,1.6,Churned,2023-05-12
CUST000003,Sophie,Dubois,Female,28,2021-07-08,QC,75001,VIP,Standard,2.8,Active,
CUST000004,Noah,Khan,Male,35,2023-02-28,TX,73301,Occasional,Standard,1.2,Churned,2024-09-14
CUST000005,Olivia,Garcia,Female,39,2020-05-19,FL,33101,Standard,Prime,1.8,Active,
CUST000006,Lucas,Silva,Male,22,2022-09-03,CA,94103,VIP,Prime,3.0,Active,
CUST000007,Ava,Miller,Female,31,2021-12-12,IL,60601,Premium,Standard,2.2,Active,
CUST000008,Mason,Nguyen,Male,27,2023-06-22,TX,75001,Standard,Prime,1.5,Churned,2024-02-20
CUST000009,Isabella,Rossi,Female,34,2020-08-26,CA,94016,VIP,Prime,2.7,Active,
CUST000010,James,Smith,Male,45,2021-04-14,NY,10002,Occasional,Standard,1.1,Churned,2022-12-30
CUST000011,Chloe,Anderson,Female,26,2024-01-10,WA,98101,Standard,Standard,1.7,Active,
CUST000012,Henry,Brown,Male,38,2023-08-05,IL,60602,Standard,Prime,1.9,Churned,2024-07-11
CUST000013,Mia,Chen,Female,29,2022-03-30,CA,90001,Premium,Prime,2.5,Active,
CUST000014,Ethan,Johnson,Male,33,2020-09-19,NJ,07001,VIP,Standard,2.9,Active,
CUST000015,Emily,Garcia,Female,41,2021-03-21,TX,75201,Occasional,Standard,1.3,Churned,2023-03-09
CUST000016,Daniel,Martinez,Male,24,2022-12-12,CA,90002,Standard,Prime,1.6,Active,
CUST000017,Sophia,Lopez,Female,36,2020-02-28,FL,33102,Premium,Prime,2.1,Active,
CUST000018,Jacob,Gonzalez,Male,28,2023-05-11,NY,10003,Occasional,Standard,1.4,Churned,2024-05-01
CUST000019,Grace,Kim,Female,32,2022-10-07,WA,98102,VIP,Prime,2.6,Active,
CUST000020,Benjamin,Lee,Male,40,2021-06-16,CA,94105,Standard,Prime,1.8,Active,
B22-CUST000101,Olivia,Martin,Female,29,2022-04-15,CA,90001,Standard,Standard,1.4,Active,
B22-CUST000102,Aiden,Smith,Male,34,2021-11-02,NY,10001,Occasional,Standard,1.2,Churned,2023-08-12
B22-CUST000103,Emma,Dubois,Female,26,2023-06-20,CA,94105,VIP,Prime,2.4,Active,
B22-CUST000104,Liam,Garcia,Male,42,2020-12-18,TX,73301,Standard,Standard,1.6,Churned,2022-09-30
B22-CUST000105,Sophie,Khan,Female,31,2024-02-05,FL,33101,Premium,Prime,2.0,Active,
B22-CUST000106,Noah,Lee,Male,22,2022-08-22,IL,60601,Occasional,Standard,1.1,Churned,2023-03-14
B22-CUST000107,Mia,Rossi,Female,28,2020-03-10,WA,98101,VIP,Prime,2.5,Active,
B22-CUST000108,Ethan,Clark,Male,37,2023-09-01,GA,30301,Standard,Standard,1.5,Active,
B22-CUST000109,Chloe,Martinez,Female,24,2021-05-14,NY,10018,Standard,Standard,1.5,Churned,2022-12-01
B22-CUST000110,Lucas,Ng,Male,45,2020-07-30,CA,90012,VIP,Prime,2.3,Active,
B22-CUST000111,Isabella,Davis,Female,33,2022-01-19,TX,77002,Standard,Standard,1.7,Churned,2024-05-21
B22-CUST000112,James,Parker,Male,39,2023-04-27,FL,33139,Occasional,Standard,1.3,Active,
B22-CUST000113,Zoé,Moreau,Female,27,2021-09-09,CA,94016,Premium,Prime,2.1,Active,
B22-CUST000114,Daniel,Kim,Male,52,2020-10-03,WA,98004,Standard,Standard,1.6,Churned,2021-11-02
B22-CUST000115,Grace,Brown,Female,40,2022-06-15,NY,10011,VIP,Prime,2.6,Active,
B22-CUST000116,Oliver,Wright,Male,35,2020-02-20,CA,94107,Standard,Prime,1.8,Active,
B22-CUST000117,Ava,Nguyen,Female,30,2024-07-07,TX,75001,Premium,Standard,2.0,Active,
B22-CUST000118,Lucas,Silva,Male,26,2023-01-25,FL,33145,Occasional,Standard,1.1,Churned,2023-12-15
B22-CUST000119,Mia,Hernandez,Female,23,2020-09-12,IL,60614,Occasional,Standard,1.2,Active,
B22-CUST000120,Benjamin,Lopez,Male,38,2021-12-01,GA,30318,Premium,Prime,2.2,Active,
B23-CUST000001,Emma,Martin,Female,28,2023-04-15,CA,94016,Standard,Prime,1.8,Active,
B23-CUST000002,Liam,Dubois,Male,34,2020-11-02,NY,10001,Occasional,Standard,1.2,Churned,2022-12-01
B23-CUST000003,Sophia,Garcia,Female,22,2021-06-20,TX,73301,Standard,Standard,1.5,Active,
B23-CUST000004,Noah,Kim,Male,45,2019-09-12,FL,33101,Premium,Standard,2.0,Active,
B23-CUST000005,Olivia,Smith,Female,31,2022-03-08,IL,60601,VIP,Prime,2.5,Active,
B23-CUST000006,Aiden,Brown,Male,29,2020-01-25,PA,19104,Standard,Prime,1.7,Active,
B23-CUST000007,Isabella,Davis,Female,26,2023-08-19,WA,98101,Occasional,Standard,1.3,Active,
B23-CUST000008,Ethan,Nguyen,Male,39,2021-12-03,CA,94002,Premium,Standard,2.1,Active,
B23-CUST000009,Mia,Lopez,Female,24,2024-02-14,AZ,85001,VIP,Prime,2.6,Active,
B23-CUST000010,Lucas,Patel,Male,33,2020-07-07,TX,75001,VIP,Prime,2.8,Active,
B23-CUST000011,Chloe,Kovacs,Female,41,2018-05-21,OH,44101,Standard,Standard,1.6,Churned,2023-04-15
B23-CUST000012,Henry,Miller,Male,52,2017-10-30,GA,30301,Occasional,Standard,1.4,Active,
B23-CUST000013,Grace,Wilson,Female,27,2022-09-09,NC,27601,Standard,Prime,1.9,Active,
B23-CUST000014,James,Martin,Male,36,2021-03-17,NY,10014,Standard,Prime,1.7,Active,
B23-CUST000015,Ella,Rossi,Female,30,2023-05-25,CA,90001,VIP,Prime,2.4,Active,
B23-CUST000016,Daniel,Santiago,Male,40,2016-12-11,FL,33109,Standard,Standard,1.8,Churned,2021-11-30
B23-CUST000017,Zoey,Kim,Female,23,2024-08-02,WA,98052,Occasional,Standard,1.3,Active,
B23-CUST000018,Benjamin,Lee,Male,38,2020-04-14,IL,60642,Premium,Standard,2.0,Active,
B23-CUST000019,Scarlett,Taylor,Female,32,2021-09-09,TX,77002,VIP,Prime,2.7,Active,
B23-CUST000020,Michael,Clark,Male,28,2023-01-28,CA,94105,Standard,Prime,1.9,Active,
B24-CUST000001,Sophia,Martin,Female,32,2022-05-14,CA,94105,Standard,Standard,1.4,Active,
B24-CUST000002,Lucas,Dubois,Male,28,2021-11-02,NY,10001,Occasional,Standard,1.2,Churned,2024-12-15
B24-CUST000003,Emma,Garcia,Female,45,2020-07-20,TX,73301,Standard,Prime,2.0,Active,
B24-CUST000004,Noah,Kim,Male,37,2023-03-08,FL,33101,VIP,Prime,2.5,Active,
B24-CUST000005,Ava,Johnson,Female,29,2022-09-17,CA,90001,Premium,Prime,2.2,Active,
B24-CUST000006,Mason,Patel,Male,41,2020-12-01,IL,60601,Standard,Standard,1.6,Churned,2023-06-18
B24-CUST000007,Chloe,Gonzalez,Female,22,2024-01-21,AZ,85001,Occasional,Standard,1.3,Active,
B24-CUST000008,Benjamin,Lopez,Male,34,2021-08-09,WA,98101,Standard,Prime,2.0,Active,
B24-CUST000009,Liam,Brown,Male,27,2020-04-28,CO,80201,Occasional,Standard,1.1,Churned,2022-11-03
B24-CUST000010,Isabella,Martinez,Female,31,2023-06-12,TX,77001,VIP,Prime,2.7,Active,
B24-CUST000011,Ethan,Nguyen,Male,38,2022-02-25,NY,10002,Premium,Prime,2.3,Active,
B24-CUST000012,Mia,Kumar,Female,26,2023-09-05,CA,94109,Standard,Standard,1.5,Active,
B24-CUST000013,Oliver,Silva,Male,44,2021-04-17,PA,19104,Standard,Standard,1.7,Active,
B24-CUST000014,Grace,Robinson,Female,35,2020-10-30,VA,20101,VIP,Standard,2.4,Active,
B24-CUST000015,James,Clark,Male,52,2022-12-19,OH,44101,Occasional,Standard,1.3,Churned,2023-08-22
B24-CUST000016,Zoey,Lee,Female,29,2021-07-07,GA,30301,Standard,Prime,2.1,Active,
B24-CUST000017,Lucas,Santos,Male,33,2024-03-14,FL,33101,Premium,Prime,2.5,Active,
B24-CUST000018,Amelia,Fernandez,Female,40,2020-06-25,NY,11201,VIP,Prime,2.9,Active,
B24-CUST000019,Henry,Williams,Male,23,2023-10-01,CT,06101,Occasional,Standard,1.2,Active,
B24-CUST000020,Ella,Diaz,Female,29,2022-08-18,AZ,85001,Occasional,Standard,1.25,Active,
B25-CUST000001,Ava,Martin,Female,29,2021-05-14,CA,94043,Standard,Standard,1.6,Active,
B25-CUST000002,Léa,Dubois,Female,34,2020-11-02,NY,10001,VIP,Prime,2.4,Active,
B25-CUST000003,Noah,Hernandez,Male,42,2022-03-18,TX,73301,Standard,Standard,1.8,Churned,2024-08-22
B25-CUST000004,Emma,Kim,Female,25,2023-07-09,CA,90001,Premium,Prime,2.6,Active,
B25-CUST000005,Lucas,Brown,Male,31,2020-02-20,FL,33101,Occasional,Standard,1.2,Churned,2023-04-15
B25-CUST000006,Sophie,Garcia,Female,28,2021-12-01,IL,60601,Standard,Standard,1.9,Active,
B25-CUST000007,Mason,Rodriguez,Male,36,2022-08-22,WA,98052,VIP,Prime,2.9,Active,
B25-CUST000008,Olivia,Smith,Female,23,2024-01-15,GA,30301,Occasional,Standard,1.1,Active,
B25-CUST000009,Ethan,Johnson,Male,45,2019-10-05,NY,10027,Standard,Standard,1.75,Churned,2022-12-19
B25-CUST000010,Isabella,Martinez,Female,33,2020-06-30,CA,94105,Premium,Prime,2.5,Active,
B25-CUST000011,James,Clark,Male,38,2023-02-11,TX,77002,Standard,Prime,1.65,Active,
B25-CUST000012,Chloé,Nguyen,Female,27,2021-09-07,CA,90210,VIP,Prime,2.8,Active,
B25-CUST000013,Henry,Patel,Male,40,2020-04-25,FL,33101,Occasional,Standard,1.3,Churned,2023-03-02
B25-CUST000014,Amelia,Khan,Female,32,2022-11-13,IL,60642,Standard,Standard,1.75,Active,
B25-CUST000015,Liam,Singh,Male,29,2021-03-03,WA,98101,VIP,Prime,2.4,Active,
B25-CUST000016,Mia,Lee,Female,26,2023-06-17,TX,73344,Premium,Standard,2.0,Churned,2024-02-28
B25-CUST000017,Daniel,O'Connor,Male,39,2020-09-09,NY,10011,Standard,Standard,1.8,Active,
B25-CUST000018,Grace,Brown,Female,35,2022-05-21,CA,90012,Occasional,Standard,1.25,Active,
B25-CUST000019,Oliver,Davis,Male,41,2021-10-19,FL,33155,VIP,Prime,2.7,Active,
B25-CUST000020,Emily,Wilson,Female,22,2024-08-08,GA,30313,Occasional,Standard,1.2,Active,
CUST000001,Sophia,Martin,Female,29,2021-04-15,CA,90001,Premium,Prime,2.1,Active,
CUST000002,Liam,Johnson,Male,34,2020-09-10,NY,10001,Standard,Standard,1.6,Churned,2022-12-20
CUST000003,Emma,Brown,Female,25,2023-01-22,TX,73301,Occasional,Standard,1.2,Churned,2024-05-17
CUST000004,Noah,Davis,Male,41,2020-11-02,FL,33101,VIP,Prime,2.8,Active,
CUST000005,Olivia,Miller,Female,32,2022-06-30,CA,94105,Premium,Prime,2.5,Active,
CUST000006,Elijah,Wilson,Male,28,2021-08-18,WA,98052,Standard,Standard,1.9,Churned,2023-02-11
CUST000007,Ava,Moore,Female,22,2020-12-05,IL,60601,Occasional,Standard,1.1,Active,
CUST000008,William,Taylor,Male,38,2019-03-14,NY,10018,VIP,Prime,2.7,Active,
CUST000009,Isabella,Anderson,Female,27,2023-05-21,TX,75001,Standard,Standard,1.7,Active,
CUST000010,James,Thomas,Male,39,2021-02-07,CA,90002,Standard,Prime,2.0,Churned,2023-11-30
CUST000011,Mia,Jackson,Female,31,2022-09-12,FL,33601,Premium,Prime,2.4,Active,
CUST000012,Lucas,White,Male,24,2020-07-19,CA,90003,Occasional,Standard,1.4,Churned,2022-03-14
CUST000013,Amelia,Harris,Female,35,2024-01-10,WA,98001,VIP,Prime,2.9,Active,
CUST000014,Benjamin,Martin,Male,46,2020-03-22,TX,73344,Standard,Standard,1.8,Churned,2022-08-21
CUST000015,Charlotte,Lee,Female,29,2023-08-04,NY,10019,Occasional,Standard,1.3,Active,
CUST000016,Daniel,Perez,Male,33,2021-05-09,CA,94107,Standard,Prime,2.1,Churned,2024-01-22
CUST000017,Grace,Lewis,Female,26,2022-11-11,FL,33101,Premium,Prime,2.6,Active,
CUST000018,Henry,Clark,Male,40,2019-09-09,CA,90210,VIP,Prime,3.0,Active,
CUST000019,Ella,Allen,Female,23,2024-04-18,NY,10022,Occasional,Standard,1.2,Active,
CUST000020,Michael,Young,Male,36,2020-02-28,IL,60611,Standard,Prime,2.2,Active,
CUST000001,Aiden,Nguyen,Male,31,2021-05-14,CA,90001,Standard,Standard,1.6,Churned,2022-11-28
CUST000002,Isla,Moreau,Female,27,2020-12-03,NY,10001,Occasional,Standard,1.2,Churned,2021-08-17
CUST000003,Liam,Patel,Male,35,2022-07-22,TX,73301,Standard,Prime,1.4,Active,
CUST000004,Noa,Kim,Female,22,2023-03-11,FL,33101,VIP,Prime,2.5,Active,
CUST000005,Emma,Schmidt,Female,29,2021-02-28,IL,60601,Premium,Standard,2.0,Active,
CUST000006,Oliver,Garcia,Male,40,2020-09-15,CA,94105,Standard,Standard,1.8,Churned,2023-04-02
CUST000007,Mia,Brown,Female,26,2024-01-02,GA,30301,Occasional,Standard,1.3,Active,
CUST000008,Lucas,Rodriguez,Male,33,2022-10-10,NY,11201,VIP,Prime,2.8,Active,
CUST000009,Sophie,Dubois,Female,24,2021-08-19,MI,48201,Occasional,Standard,1.2,Churned,2022-03-19
CUST000010,Henry,Miller,Male,38,2023-04-25,TX,77001,Standard,Prime,1.6,Active,
CUST000011,Chloe,Davis,Female,28,2020-11-07,CA,90012,VIP,Prime,2.6,Active,
CUST000012,James,Wilson,Male,45,2019-05-22,FL,33130,Standard,Standard,1.9,Churned,2020-12-15
CUST000013,Olivia,Martinez,Female,32,2023-09-04,WA,98101,Premium,Standard,2.1,Active,
CUST000014,Ethan,Singh,Male,21,2024-06-18,AZ,85001,Occasional,Standard,1.3,Active,
CUST000015,Aria,Kova,Female,34,2021-12-01, NY,10002,VIP,Prime,2.7,Active,
CUST000016,Mateo,Rossi,Male,29,2020-03-07,CA,90210,Premium,Prime,2.3,Churned,2021-09-30
CUST000017,Ava,Kowalski,Female,27,2022-02-14,NY,10010,Standard,Standard,1.7,Active,
CUST000018,Benjamin,Li,Male,39,2020-08-08,CA,94102,Occasional,Prime,1.5,Active,
CUST000019,Grace,O'Connor,Female,23,2023-07-20,TX,73344,Occasional,Standard,1.4,Active,
CUST000020,Jonah,Brownlee,Male,36,2021-01-15,GA,30315,Standard,Standard,1.8,Active,
CUST000001,Liam,Martin,Male,28,2021-05-14,CA,90001,Standard,Standard,1.8,Churned,2023-11-20
CUST000002,Emma,Dubois,Female,34,2020-09-02,NY,10001,VIP,Prime,2.5,Active,
CUST000003,Noah,Khan,Male,22,2022-03-18,TX,75001,Occasional,Standard,1.2,Churned,2024-04-10
CUST000004,Olivia,Garcia,Female,29,2023-11-07,FL,33101,Standard,Standard,1.6,Active,
CUST000005,James,Silva,Male,45,2020-02-29,IL,60601,Premium,Prime,2.1,Active,
CUST000006,Isabella,Martinez,Female,31,2021-07-22,CA,94105,VIP,Prime,2.7,Active,
CUST000007,Lucas,Rodriguez,Male,27,2022-08-30,GA,30301,Standard,Standard,1.9,Churned,2024-01-15
CUST000008,Mia,Hernandez,Female,26,2020-12-19,WA,98001,Occasional,Standard,1.1,Active,
CUST000009,Ethan,Lopez,Male,38,2021-04-12, NY,10002,Standard,Prime,2.0,Churned,2023-07-09
CUST000010,Amelia,Gonzalez,Female,33,2023-06-01,CA,94107,Premium,Prime,2.4,Active,
CUST000011,Oliver,Perez,Male,40,2020-10-23,TX,73301,VIP,Prime,2.9,Active,
CUST000012,Charlotte,Sanchez,Female,23,2022-01-16,FL,32801,Occasional,Standard,1.3,Churned,2023-03-05
CUST000013,Mason,Clark,Male,37,2021-08-08,IL,60604,Standard,Standard,1.7,Active,
CUST000014,Grace,Lewis,Female,28,2020-03-15,WA,98034,Standard,Prime,2.2,Active,
CUST000015,Henry,Allen,Male,52,2020-11-11,NY,10003,Occasional,Standard,1.4,Churned,2022-12-01
CUST000016,Ella,Young,Female,24,2023-09-09,CA,90210,VIP,Prime,2.8,Active,
CUST000017,Ava,Hughes,Female,35,2021-05-05,TX,75201,Premium,Prime,2.3,Active,
CUST000018,Daniel,Edwards,Male,29,2022-07-07,CA,90012,VIP,Prime,2.6,Churned,2024-05-21
CUST000019,Sophia,Rivera,Female,32,2020-01-29,NY,10004,Standard,Standard,1.5,Active,
CUST000020,Jack,Stewart,Male,41,2021-03-03,CA,94016,Occasional,Standard,1.6,Active,
B29-CUST000001,Liam,Miller,Male,28,2021-05-14,CA,90001,Standard,Standard,1.4,Active,
B29-CUST000002,Sophia,Garcia,Female,34,2020-11-02,NY,10001,Occasional,Standard,1.1,Churned,2022-07-18
B29-CUST000003,Alexandre,Dubois,Male,42,2023-03-22,CA,94102,VIP,Prime,2.4,Active,
B29-CUST000004,Emma,Johnson,Female,25,2022-08-30,TX,73301,Premium,Prime,2.1,Active,
B29-CUST000005,Noah,Brown,Male,31,2020-12-15,FL,33101,Standard,Standard,1.3,Churned,2023-05-11
B29-CUST000006,Ava,Davis,Female,29,2024-01-20,IL,60601,Occasional,Standard,1.0,Active,
B29-CUST000007,Mason,Miller,Male,37,2021-09-10,WA,98001,Standard,Standard,1.2,Churned,2024-02-28
B29-CUST000008,Isabella,Rodriguez,Female,22,2022-04-05,CA,90002,VIP,Prime,2.5,Active,
B29-CUST000009,Lucas,Hernandez,Male,40,2020-03-18,NY,11201,Occasional,Standard,1.2,Churned,2022-12-05
B29-CUST000010,Chloe,Martin,Female,27,2023-07-25,TX,77001,Premium,Prime,2.2,Active,
B29-CUST000011,Oliver,Lopez,Male,33,2021-02-14,GA,30002,Standard,Standard,1.15,Active,
B29-CUST000012,Amelia,Gonzalez,Female,45,2020-10-01,VA,20101,VIP,Prime,2.8,Active,
B29-CUST000013,Henry,Clark,Male,52,2019-06-12,IL,60602,Occasional,Standard,1.05,Churned,2021-11-03
B29-CUST000014,Grace,Lee,Female,26,2023-01-04,CA,90003,Standard,Standard,1.25,Active,
B29-CUST000015,Ethan,Walker,Male,39,2022-09-18,NY,10005,Standard,Standard,1.3,Churned,2023-07-22
B29-CUST000016,Sofia,Young,Female,32,2023-05-11,FL,33109,VIP,Prime,2.7,Active,
B29-CUST000017,Daniel,King,Male,24,2021-12-21,CA,94103,Occasional,Standard,1.0,Active,
B29-CUST000018,Mia,Perez,Female,36,2020-08-08,TX,75201,Premium,Prime,2.0,Churned,2022-03-14
B29-CUST000019,Jack,Nguyen,Male,28,2024-02-02,WA,98052,Standard,Standard,1.25,Active,
B29-CUST000020,Luna,Robinson,Female,31,2020-05-25,GA,30301,Standard,Prime,1.15,Active,
B30-CUST000001,Adele,Moreau,Female,34,2021-05-14,CA,90001,VIP,Prime,2.5,Active,
B30-CUST000002,Liam,Johnson,Male,28,2020-11-02,NY,10001,Standard,Standard,1.8,Churned,2023-07-19
B30-CUST000003,Isabella,Dubois,Female,45,2022-03-22,TX,73301,Standard,Standard,1.9,Churned,2024-02-10
B30-CUST000004,Noah,Khan,Male,31,2023-08-09,FL,33101,Occasional,Standard,1.4,Churned,2023-12-05
B30-CUST000005,Emily,Silva,Female,22,2024-01-15,IL,60601,Occasional,Standard,1.5,Active,
B30-CUST000006,Lucas,Martinez,Male,39,2020-07-19,CA,94105,Premium,Prime,2.1,Active,
B30-CUST000007,Sophia,Nguyen,Female,27,2021-09-07,WA,98001,VIP,Prime,2.8,Active,
B30-CUST000008,Oliver,Brown,Male,52,2020-02-20,TX,75001,Standard,Standard,1.7,Active,
B30-CUST000009,Amelia,Davis,Female,36,2022-12-03,NY,10011,Standard,Standard,1.9,Churned,2024-08-14
B30-CUST000010,James,Garcia,Male,29,2023-04-18,GA,30301,Occasional,Standard,1.3,Active,
B30-CUST000011,Chloe,Martins,Female,41,2021-01-28,FL,33130,VIP,Prime,2.6,Active,
B30-CUST000012,Mason,Patel,Male,33,2020-10-12,CA,94107,Premium,Prime,2.2,Active,
B30-CUST000013,Ella,Kowalski,Female,26,2024-06-21,IL,60616,Standard,Standard,1.8,Active,
B30-CUST000014,Daniel,Lopez,Male,55,2019-09-03,AZ,85301,Occasional,Standard,1.4,Churned,2022-11-30
B30-CUST000015,Grace,Singh,Female,38,2021-06-05,NY,10002,VIP,Prime,2.7,Active,
B30-CUST000016,Henry,Kim,Male,44,2022-09-14,TX,73344,Standard,Standard,1.6,Active,
B30-CUST000017,Sophie,Rossi,Female,31,2020-04-01,CA,90012,Standard,Standard,1.9,Churned,2023-03-29
B30-CUST000018,Benjamin,Schmidt,Male,48,2023-02-08,OH,43001,Occasional,Standard,1.4,Active,
B30-CUST000019,Victoria,Rousseau,Female,29,2022-05-17,VA,20101,Premium,Prime,2.0,Active,
B30-CUST000020,Alex,Nakamura,Male,37,2021-08-30,WA,98101,VIP,Prime,2.4,Churned,2024-03-12
B31-CUST000001,Emma,Martin,Female,29,2021-04-15,CA,90001,Standard,Standard,1.4,Active,
B31-CUST000002,Liam,Johnson,Male,34,2020-11-02,NY,10001,Occasional,Standard,1.5,Churned,2022-12-20
B31-CUST000003,Sophia,Williams,Female,26,2022-07-19,TX,73301,Standard,Prime,2.1,Active,
B31-CUST000004,Noah,Brown,Male,42,2020-02-28,FL,33101,VIP,Prime,2.3,Active,
B31-CUST000005,Ava,Jones,Female,31,2021-09-10,IL,60601,Premium,Prime,2.0,Active,
B31-CUST000006,Lucas,Garcia,Male,38,2019-12-03,CA,94105,Standard,Standard,1.8,Churned,2023-03-15
B31-CUST000007,Mia,Martinez,Female,22,2023-03-22,WA,98004,Occasional,Standard,1.2,Active,
B31-CUST000008,Ethan,Rodriguez,Male,45,2018-08-07,TX,75001,VIP,Prime,2.2,Active,
B31-CUST000009,Chloe,Hernandez,Female,27,2022-01-14,CA,90012,Standard,Standard,1.9,Active,
B31-CUST000010,James,Lopez,Male,33,2020-06-20,NY,11201,Occasional,Prime,1.6,Churned,2024-04-04
B31-CUST000011,Isabella,Gonzalez,Female,28,2021-05-28,FL,33155,Standard,Standard,1.7,Active,
B31-CUST000012,Benjamin,Wilson,Male,36,2019-10-11,IL,60614,Premium,Prime,2.2,Active,
B31-CUST000013,Grace,Anderson,Female,24,2020-09-09,GA,30301,VIP,Prime,2.8,Active,
B31-CUST000014,Henry,Thomas,Male,41,2017-04-24,PA,19103,Standard,Standard,1.6,Churned,2022-11-11
B31-CUST000015,Olivia,Taylor,Female,35,2021-02-02,OH,44101,Occasional,Standard,1.3,Active,
B31-CUST000016,Jacob,Andrews,Male,29,2023-08-18,NC,27513,Standard,Standard,1.9,Active,
B31-CUST000017,Ella,Robinson,Female,23,2022-12-05,AZ,85001,Occasional,Prime,1.5,Active,
B31-CUST000018,Michael,Clark,Male,39,2020-03-30,CA,94107,Premium,Prime,2.0,Active,
B31-CUST000019,Sophie,Lewis,Female,32,2018-07-16,NY,10007,VIP,Prime,2.5,Active,
B31-CUST000020,Daniel,Lee,Male,40,2016-05-05,TX,73344,VIP,Prime,2.6,Active,
B32-CUST000001,Sophia,Martin,Female,32,2021-03-14,CA,94105,VIP,Prime,2.5,Active,
B32-CUST000002,Lucas,Dubois,Male,29,2020-11-02,NY,10001,Standard,Standard,1.4,Churned,2022-12-15
B32-CUST000003,Emma,Parker,Female,41,2022-07-19,TX,73301,Occasional,Standard,1.2,Churned,2023-04-22
B32-CUST000004,Mateo,Rossi,Male,27,2023-01-08,FL,33101,Standard,Prime,1.3,Active,
B32-CUST000005,Isabella,Garcia,Female,34,2020-04-22,CA,90001,VIP,Prime,2.8,Active,
B32-CUST000006,Oliver,Smith,Male,22,2024-02-10,WA,98052,Occasional,Standard,1.1,Churned,2024-09-05
B32-CUST000007,Amelia,Johnson,Female,28,2021-09-30,IL,60602,Premium,Standard,2.0,Active,
B32-CUST000008,Noah,Brown,Male,45,2019-12-12,TX,75001,Standard,Standard,1.5,Churned,2022-03-11
B32-CUST000009,Liam,Davis,Male,37,2020-08-08,NY,10027,VIP,Prime,2.7,Active,
B32-CUST000010,Chloe,Miller,Female,31,2022-03-03,CA,94110,Premium,Prime,2.4,Active,
B32-CUST000011,Ethan,Martinez,Male,26,2023-05-25,FL,33139,Occasional,Standard,1.2,Churned,2024-01-18
B32-CUST000012,Grace,Hernandez,Female,39,2021-06-15,CA,90210,Standard,Standard,1.4,Active,
B32-CUST000013,Ava,Lopez,Female,23,2024-09-02,WA,98001,VIP,Prime,2.9,Active,
B32-CUST000014,James,Gonzalez,Male,33,2020-02-20,IL,60647,Standard,Standard,1.4,Churned,2023-11-02
B32-CUST000015,Mia,Perez,Female,29,2022-12-12,NY,10012,Occasional,Standard,1.1,Active,
B32-CUST000016,Henry,Clark,Male,52,2018-07-07,CA,90024,VIP,Prime,3.0,Active,
B32-CUST000017,Zoe,Riley,Female,40,2021-10-01,TX,73344,Standard,Standard,1.5,Churned,2022-08-19
B32-CUST000018,Benjamin,Young,Male,36,2020-05-23,NY,10011,Premium,Prime,2.1,Active,
B32-CUST000019,Lyla,Adams,Female,27,2023-04-04,CA,94107,Occasional,Standard,1.0,Active,
B32-CUST000020,Noa,Mitchell,Male,24,2024-07-19,FL,33172,Occasional,Standard,1.2,Churned,2025-03-04
CUST000001,Grace,Martin,Female,29,2021-03-15,CA,94105,Standard,Prime,1.9,Active,
CUST000002,Liam,Nguyen,Male,34,2020-11-22,NY,10001,Occasional,Standard,1.2,Churned,2022-08-14
CUST000003,Sophie,Dubois,Female,27,2022-07-08,TX,73301,VIP,Prime,2.4,Active,
CUST000004,Noah,Kim,Male,41,2023-02-19,FL,33101,Premium,Prime,2.1,Active,
CUST000005,Emma,Patel,Female,22,2020-08-02,IL,60601,Standard,Standard,1.6,Churned,2023-05-20
CUST000006,Oliver,Garcia,Male,31,2021-12-12,CA,90012,Standard,Standard,1.7,Active,
CUST000007,Ava,Santiago,Female,28,2022-01-25,NY,10022,Occasional,Standard,1.3,Active,
CUST000008,Mason,Brown,Male,35,2020-04-18,TX,77002,VIP,Prime,2.5,Active,
CUST000009,Isabella,Hernandez,Female,26,2021-09-30,FL,33101,Premium,Prime,2.0,Active,
CUST000010,James,Clark,Male,38,2019-12-05,CA,94107,Standard,Prime,1.8,Churned,2021-02-15
CUST000011,Charlotte,Lopez,Female,24,2023-03-11,NY,10012,Occasional,Standard,1.4,Active,
CUST000012,Benjamin,Singh,Male,33,2020-06-21,IL,60657,Standard,Standard,1.5,Active,
CUST000013,Mia,Kovacs,Female,30,2022-09-14,CA,90026,VIP,Prime,2.6,Active,
CUST000014,Lucas,Mejia,Male,29,2021-05-03,TX,75201,Premium,Standard,2.0,Active,
CUST000015,Amelia,Dawson,Female,23,2020-10-30,FL,33155,Standard,Prime,1.9,Active,
CUST000016,Ethan,Martin,Male,40,2019-07-22,CA,94102,Occasional,Standard,1.2,Churned,2022-12-01
CUST000017,Chloe,Rossi,Female,27,2023-08-09,NY,10009,VIP,Prime,2.7,Active,
CUST000018,Henry,Petrov,Male,36,2020-02-14,CA,94108,Premium,Prime,2.2,Active,
CUST000019,Zoey,Ng,Female,21,2024-01-07,TX,75001,Occasional,Standard,1.3,Active,
CUST000020,Daniel,Kim,Male,32,2020-03-16,IL,60616,Standard,Prime,1.9,Active,
CUST000001,Aaliyah,Nguyen,Female,28,2023-05-14,CA,94016,Standard,Standard,1.4,Active,
CUST000002,Liam,Dubois,Male,34,2021-11-02,NY,10001,Occasional,Standard,1.2,Churned,2024-07-19
CUST000003,Emma,Garcia,Female,45,2020-03-22,TX,73301,Standard,Prime,2.1,Active,
CUST000004,Noah,Smith,Male,31,2022-08-10,FL,33101,Premium,Prime,2.0,Active,
CUST000005,Olivia,Martinez,Female,29,2023-02-18,CA,90001,VIP,Prime,2.5,Active,
CUST000006,Lucas,Kowalski,Male,40,2021-06-30,IL,60601,Premium,Standard,2.0,Churned,2022-12-12
CUST000007,Sophia,Brown,Female,22,2024-01-05,AZ,85001,Occasional,Standard,1.3,Active,
CUST000008,Mason,Lee,Male,37,2020-12-15,WA,98052,Occasional,Standard,1.2,Churned,2023-08-03
CUST000009,Isabella,Patel,Female,33,2022-03-28,NY,10011,VIP,Prime,2.8,Active,
CUST000010,James,Ng,Male,26,2023-07-02,CA,94105,Standard,Standard,1.5,Active,
CUST000011,Amelia,Singh,Female,38,2021-04-09,TX,77001,Standard,Prime,1.9,Churned,2023-02-14
CUST000012,Ethan,Moreau,Male,52,2020-09-25,FL,33155,VIP,Prime,3.0,Active,
CUST000013,Grace,Kim,Female,27,2022-11-07,CA,92101,Standard,Standard,1.6,Active,
CUST000014,Henry,Martin,Male,44,2020-05-17,NY,11201,Occasional,Standard,1.4,Churned,2022-10-30
CUST000015,Charlotte,Rossi,Female,32,2023-09-29,NJ,07101,Occasional,Standard,1.2,Active,
CUST000016,Alexander,Silva,Male,29,2021-01-20,TX,77002,Premium,Prime,2.2,Active,
CUST000017,Mia,Clark,Female,24,2024-04-12,CA,90002,VIP,Prime,2.7,Active,
CUST000018,Daniel,Parker,Male,41,2022-07-03,WA,98001,Standard,Standard,1.8,Churned,2023-04-18
CUST000019,Sofia,Dubois,Female,36,2021-10-21,IL,60614,VIP,Prime,3.0,Active,
CUST000020,Benjamin,Nguyen,Male,39,2020-02-05,CO,80211,Standard,Standard,1.5,Active,
B35-CUST000001,Emma,Martin,Female,28,2021-05-14,CA,94105,Standard,Standard,1.6,Active,
B35-CUST000002,Liam,Garcia,Male,34,2020-11-22,NY,10001,Occasional,Standard,1.2,Churned,2022-07-14
B35-CUST000003,Noah,Kim,Male,22,2022-03-08,TX,73301,Standard,Prime,1.4,Active,
B35-CUST000004,Olivia,Singh,Female,31,2023-08-19,FL,33101,VIP,Prime,2.6,Active,
B35-CUST000005,Ava,Brown,Female,29,2020-02-05,IL,60601,Premium,Standard,2.0,Churned,2023-04-30
B35-CUST000006,Sophia,Davis,Female,27,2021-12-12,WA,98101,Premium,Standard,2.3,Active,
B35-CUST000007,Mason,Miller,Male,40,2019-09-02,CA,90001,Occasional,Standard,1.3,Churned,2021-12-20
B35-CUST000008,Isabella,Martinez,Female,24,2024-01-25,TX,75201,VIP,Prime,3.0,Active,
B35-CUST000009,Lucas,Rodriguez,Male,35,2022-04-11,NY,10011,Standard,Standard,1.7,Churned,2024-08-02
B35-CUST000010,Mia,Hernandez,Female,33,2020-07-07,CA,94107,Standard,Prime,1.5,Active,
B35-CUST000011,Ethan,Clark,Male,26,2023-06-30,FL,33125,Occasional,Standard,1.4,Active,
B35-CUST000012,Luna,Lopez,Female,21,2024-09-15,WA,98052,VIP,Prime,2.8,Active,
B35-CUST000013,Henry,Gonzalez,Male,38,2018-04-18,IL,60657,Premium,Standard,2.1,Churned,2022-03-12
B35-CUST000014,Chloe,Perez,Female,23,2021-10-03,GA,30303,Standard,Standard,1.6,Active,
B35-CUST000015,James,Wilson,Male,32,2020-08-20,AZ,85001,Occasional,Standard,1.2,Churned,2023-02-14
B35-CUST000016,Amelia,Anderson,Female,36,2019-05-09,NC,27513,VIP,Prime,3.0,Active,
B35-CUST000017,Oliver,Thomas,Male,29,2022-02-16,CO,80202,Premium,Prime,2.2,Active,
B35-CUST000018,Grace,Taylor,Female,25,2023-11-21,AZ,85002,Standard,Standard,1.5,Active,
B35-CUST000019,Benjamin,Andrade,Male,42,2017-12-09,TX,75001,Standard,Prime,1.6,Churned,2021-09-01
B35-CUST000020,Sarah,Robinson,Female,27,2021-03-03,NY,10023,Occasional,Standard,1.3,Active,
CUST000001,Alexandra,Dubois,Female,32,2020-05-14,CA,90001,VIP,Prime,2.5,Active,
CUST000002,Liam,O'Connor,Male,28,2021-11-02,TX,73301,Standard,Standard,1.6,Churned,2023-12-15
CUST000003,Sophie,Martin,Female,45,2019-03-22,NY,10001,Occasional,Standard,1.2,Churned,2022-07-09
CUST000004,Noah,Garcia,Male,34,2022-08-19,FL,33601,Standard,Standard,1.7,Active,
CUST000005,Mia,Kovač,Female,29,2020-12-05,IL,60601,Premium,Prime,2.1,Active,
CUST000006,Ethan,Nguyen,Male,41,2023-02-14,WA,98001,VIP,Prime,2.8,Active,
CUST000007,Chloe,Smith,Female,22,2024-04-10,CA,90002,VIP,Prime,2.9,Active,
CUST000008,Olivia,Brown,Female,37,2021-09-30,NY,10002,Standard,Standard,1.5,Churned,2024-03-11
CUST000009,Lucas,Lopez,Male,31,2022-07-21,TX,75001,Standard,Standard,1.6,Active,
CUST000010,Amélie,Dubois,Female,27,2020-01-15,CA,94102,Occasional,Standard,1.3,Churned,2023-10-01
CUST000011,Daniel,Kim,Male,38,2018-06-08,WA,98101,Standard,Prime,2.0,Active,
CUST000012,Emma,Silva,Female,26,2023-03-03,FL,33101,Occasional,Standard,1.3,Active,
CUST000013,Henry,Ng,Male,52,2017-09-12,IL,60611,VIP,Prime,2.6,Active,
CUST000014,Zoé,Martin,Female,33,2021-05-25,NY,10003,Premium,Prime,2.2,Active,
CUST000015,James,Brown,Male,44,2019-12-31,TX,73344,Premium,Prime,2.0,Active,
CUST000016,Luna,Rossi,Female,35,2020-10-10,CA,90210,Standard,Standard,1.6,Churned,2022-04-22
CUST000017,Oliver,Martins,Male,29,2022-01-18,FL,32101,Occasional,Standard,1.2,Active,
CUST000018,Isabella,Garcia,Female,40,2016-08-04,NY,10004,VIP,Prime,2.7,Active,
CUST000019,Mason,Davis,Male,23,2024-06-06,CA,90003,Occasional,Standard,1.1,Active,
CUST000020,Grace,Parker,Female,31,2023-09-09,TX,77001,Standard,Prime,2.0,Active,
B37-CUST000001,Ava,Moreau,Female,29,2021-05-14,CA,90001,Premium,Prime,2.5,Active,
B37-CUST000002,Liam,Johnson,Male,34,2020-11-02,TX,73301,VIP,Standard,2.8,Active,
B37-CUST000003,Emma,Dubois,Female,41,2019-08-23,NY,10001,Occasional,Standard,1.4,Churned,2023-03-15
B37-CUST000004,Noah,Garcia,Male,22,2022-03-09,FL,33601,Standard,Prime,2.2,Active,
B37-CUST000005,Sophia,Kovač,Female,31,2023-07-19,IL,60601,VIP,Prime,2.9,Active,
B37-CUST000006,Oliver,Ng,Male,28,2020-04-30,WA,98101,Standard,Standard,1.8,Churned,2022-12-20
B37-CUST000007,Isabella,Martínez,Female,36,2021-09-17,GA,30301,Occasional,Standard,1.2,Active,
B37-CUST000008,Mia,Silva,Female,27,2024-02-11,AZ,85001,Standard,Prime,2.0,Active,
B37-CUST000009,James,Brown,Male,45,2018-12-05,PA,19104,VIP,Prime,2.6,Active,
B37-CUST000010,Charlotte,Schmidt,Female,39,2020-07-21,OH,45202,Premium,Standard,2.4,Active,
B37-CUST000011,Lucas,Khan,Male,32,2021-01-08,MO,63101,Standard,Prime,1.9,Churned,2023-06-02
B37-CUST000012,Amelia,Nguyen,Female,26,2023-10-03, NC,27601,Occasional,Standard,1.3,Active,
B37-CUST000013,Ethan,O'Connor,Male,38,2022-06-12, VA,20190,Occasional,Standard,1.5,Churned,2024-02-14
B37-CUST000014,Grace,Dubois,Female,33,2020-09-09, NY,11201,VIP,Prime,2.7,Active,
B37-CUST000015,Henry,Silva,Male,29,2021-02-28,CA,90002,Standard,Standard,1.7,Churned,2022-09-10
B37-CUST000016,Ella,Müller,Female,23,2024-11-04, TX,73344,Occasional,Prime,1.6,Active,
B37-CUST000017,Daniel,Rossi,Male,44,2017-03-30,FL,33101,Premium,Standard,2.3,Active,
B37-CUST000018,Chloe,Lee,Female,35,2019-05-18, NY,10018,VIP,Prime,2.95,Active,
B37-CUST000019,Mason,Patel,Male,40,2020-08-25,CA,90013,Standard,Prime,2.1,Active,
B37-CUST000020,Ln,Li,Female,21,2025-01-01,WA,98001,Occasional,Standard,1.1,Active,
B38-CUST000001,Jordan,Lee,Male,28,2021-06-14,CA,90001,Standard,Prime,1.8,Active,
B38-CUST000002,Adele,Martin,Female,34,2020-11-02,NY,10001,VIP,Prime,2.5,Active,
B38-CUST000003,Pierre,Dubois,Male,41,2022-03-19,NY,10002,VIP,Standard,2.2,Active,
B38-CUST000004,Sophie,Garcia,Female,26,2023-05-22,TX,73301,Standard,Standard,1.9,Churned,2024-11-15
B38-CUST000005,Mikhail,Ivanov,Male,39,2020-02-29,FL,33101,Premium,Standard,2.4,Active,
B38-CUST000006,Isabella,Rossi,Female,31,2021-09-10,CA,94105,Standard,Prime,1.7,Churned,2023-07-18
B38-CUST000007,Emma,Nguyen,Female,22,2024-01-15,WA,98101,Occasional,Standard,1.2,Active,
B38-CUST000008,Daniel,Kim,Male,45,2019-12-05,IL,60601,Standard,Prime,2.0,Active,
B38-CUST000009,Ava,Brown,Female,29,2022-07-28,GA,30301,Occasional,Standard,1.4,Active,
B38-CUST000010,Liam,Clark,Male,33,2023-04-03,TX,77001,Standard,Prime,2.1,Churned,2024-02-17
B38-CUST000011,Chloe,Patel,Female,27,2020-08-20,CA,90002,VIP,Prime,2.7,Active,
B38-CUST000012,Oliver,Ng,Male,36,2021-01-12,NY,10003,Premium,Prime,2.3,Active,
B38-CUST000013,Amelia,Lopez,Female,24,2022-09-30,FL,33601,Occasional,Standard,1.3,Churned,2023-12-09
B38-CUST000014,James,Williams,Male,52,2018-06-14,CA,90003,VIP,Prime,2.6,Active,
B38-CUST000015,Zoë,Martin,Female,28,2020-04-01,WA,98102,Premium,Standard,2.1,Active,
B38-CUST000016,Noah,Garcia,Male,40,2019-09-09,NY,10004,Standard,Standard,1.9,Churned,2022-10-30
B38-CUST000017,Mia,Martinez,Female,23,2024-05-05,TX,73344,Occasional,Prime,1.6,Active,
B38-CUST000018,Ethan,Allen,Male,38,2021-11-11,CA,94016,Standard,Prime,2.0,Active,
B38-CUST000019,Grace,Hernandez,Female,35,2020-10-02,FL,33101,Premium,Standard,2.4,Active,
B38-CUST000020,Lucas,Gonzalez,Male,32,2022-06-18,GA,30302,VIP,Prime,2.9,Active,
CUST000001,Emily,Nguyen,Female,30,2023-05-14,CA,94043,VIP,Prime,2.5,Active,
CUST000002,Liam,Martin,Male,28,2022-11-02,NY,10001,Standard,Standard,1.4,Churned,2024-07-19
CUST000003,Sophie,Dubois,Female,34,2021-02-20,TX,77001,Premium,Prime,2.1,Active,
CUST000004,Noah,Garcia,Male,41,2020-09-10,FL,33101,Occasional,Standard,1.2,Churned,2022-12-05
CUST000005,Ava,Hernandez,Female,25,2024-01-18,IL,60601,Occasional,Standard,1.0,Active,
CUST000006,Oliver,Kovač,Male,36,2023-07-30,CA,94105,Standard,Standard,1.5,Active,
CUST000007,Mia,Smith,Female,29,2022-03-22,NY,10027,VIP,Prime,2.8,Active,
CUST000008,James,Brown,Male,45,2020-12-15,TX,75201,Premium,Prime,2.3,Active,
CUST000009,Charlotte,Davis,Female,32,2021-06-05,CA,90001,Standard,Standard,1.6,Churned,2023-10-11
CUST000010,Lucas,Lee,Male,27,2023-09-12,FL,33109,Standard,Prime,1.8,Active,
CUST000011,Isabella,Martinez,Female,38,2020-04-22,WA,98101,VIP,Prime,3.0,Active,
CUST000012,Ethan,Clark,Male,22,2024-08-03,GA,30301,Occasional,Standard,1.1,Churned,2025-02-14
CUST000013,Grace,Ng,Female,31,2022-10-19,IL,60611,Premium,Prime,2.2,Active,
CUST000014,Mateo,Rossi,Male,44,2020-01-28,CA,90210,VIP,Prime,2.9,Active,
CUST000015,Zoë,Novák,Female,26,2023-04-09,NY,10012,Occasional,Standard,1.3,Churned,2024-03-22
CUST000016,Henry,Kim,Male,39,2021-11-30,TX,73301,Standard,Standard,1.7,Active,
CUST000017,Chloe,Garza,Female,28,2022-02-14,CA,93611,VIP,Prime,3.0,Active,
CUST000018,Daniel,Wright,Male,33,2020-06-07,FL,33155,Premium,Prime,2.4,Active,
CUST000019,Olivia,Lopez,Female,21,2024-05-20,WA,98125,Occasional,Standard,1.1,Churned,2025-06-03
CUST000020,Aiden,Patel,Male,37,2023-03-03,GA,30342,Standard,Prime,2.0,Active,
B40-CUST000001,Alexandre,Duval,Male,29,2022-05-14,CA,94107,Standard,Prime,1.8,Active,
B40-CUST000002,Emma,Nguyen,Female,34,2020-11-03,NY,10001,Occasional,Standard,1.6,Churned,2022-03-18
B40-CUST000003,Liam,Smith,Male,41,2021-08-19,TX,73301,Standard,Standard,1.4,Churned,2023-07-22
B40-CUST000004,Sophia,Garcia,Female,27,2023-04-02,FL,33101,VIP,Standard,2.2,Active,
B40-CUST000005,Noah,Khan,Male,36,2020-02-27,CA,90001,Premium,Prime,1.9,Active,
B40-CUST000006,Olivia,Miller,Female,22,2024-01-15,WA,98101,VIP,Prime,2.3,Active,
B40-CUST000007,Lucas,Brown,Male,31,2023-07-08,NY,10012,Standard,Standard,1.5,Active,
B40-CUST000008,Mia,Wilson,Female,28,2021-12-21,IL,60601,Occasional,Standard,1.7,Churned,2024-01-14
B40-CUST000009,Ethan,Lopez,Male,45,2020-03-07,TX,75001,Occasional,Prime,1.3,Active,
B40-CUST000010,Ava,Clark,Female,33,2022-09-30,CA,90002,Standard,Prime,1.6,Active,
B40-CUST000011,James,Perez,Male,38,2021-06-14,GA,30301,Standard,Standard,1.5,Active,
B40-CUST000012,Isabella,Martinez,Female,26,2023-02-11,FL,33130,VIP,Prime,2.1,Active,
B40-CUST000013,Benjamin,Rodriguez,Male,39,2020-12-01,IL,60612,Premium,Prime,2.0,Churned,2023-02-20
B40-CUST000014,Chloe,Hernandez,Female,24,2022-04-25,CA,94102,Occasional,Standard,1.4,Active,
B40-CUST000015,Daniel,Ng,Male,32,2020-07-19,NY,11201,Standard,Standard,1.6,Active,
B40-CUST000016,Grace,Kim,Female,29,2021-10-10,WA,98109,VIP,Standard,2.4,Active,
B40-CUST000017,Henry,Singh,Male,35,2023-01-04,TX,73344,Standard,Prime,1.6,Active,
B40-CUST000018,Ella,Davis,Female,40,2020-09-09,CA,90210,Premium,Standard,2.0,Churned,2022-07-12
B40-CUST000019,Jack,Brown,Male,21,2024-05-16,FL,32701,Occasional,Standard,1.2,Active,
B40-CUST000020,Scarlett,Wilson,Female,37,2022-02-28,NY,10022,VIP,Prime,2.3,Active,
CUST000001,Aarav,Patel,Male,28,2021-03-15,CA,94016,Standard,Prime,1.6,Active,
CUST000002,Isabelle,Moreau,Female,34,2020-11-22,NY,10001,VIP,Standard,2.4,Active,
CUST000003,Miguel,Rodríguez,Male,41,2019-07-09,TX,73301,Standard,Prime,1.8,Churned,2022-06-14
CUST000004,Emma,Johnson,Female,26,2023-02-05,FL,33101,Occasional,Standard,1.2,Active,
CUST000005,Lucas,Schmidt,Male,38,2020-08-19,IL,60601,Standard,Standard,1.9,Churned,2023-03-29
CUST000006,Chloé,Dubois,Female,29,2022-05-12,CA,94002,Premium,Prime,2.1,Active,
CUST000007,Noah,Kim,Male,33,2021-09-30,WA,98004,VIP,Prime,2.8,Active,
CUST000008,Sophia,Nguyen,Female,22,2024-01-18,TX,77001,Occasional,Standard,1.3,Active,
CUST000009,Ethan,Brown,Male,45,2020-04-01,NY,10009,Standard,Standard,1.7,Churned,2022-11-02
CUST000010,Ava,Davis,Female,31,2023-07-07,CA,90001,VIP,Standard,2.5,Active,
CUST000011,Liam,Miller,Male,27,2022-12-12,FL,33137,Occasional,Prime,1.4,Active,
CUST000012,Mia,Garcia,Female,36,2018-10-03,CA,94105,Premium,Prime,2.0,Active,
CUST000013,Oliver,Lopez,Male,39,2019-02-28,TX,75201,Standard,Prime,1.75,Churned,2024-01-15
CUST000014,Ella,Gonzalez,Female,24,2021-06-25,WA,98011,Standard,Standard,1.9,Active,
CUST000015,James,Martinez,Male,28,2020-03-14,NY,10012,Premium,Prime,2.2,Active,
CUST000016,Grace,Hernandez,Female,41,2017-11-21,CA,94107,VIP,Standard,2.9,Active,
CUST000017,Daniel,Rossi,Male,35,2020-09-09,TX,73344,Occasional,Standard,1.5,Churned,2021-12-19
CUST000018,Sophie,Dubois,Female,29,2023-04-16,CA,90210,VIP,Prime,2.6,Active,
CUST000019,Benjamin,Clark,Male,32,2021-08-02,IL,60614,Standard,Prime,1.8,Active,
CUST000020,Charlotte,Kim,Female,26,2022-02-20,GA,30301,Occasional,Standard,1.25,Active,
B42-CUST000001,Emma,Martin,Female,28,2022-05-14,CA,94107,Standard,Standard,1.4,Active,
B42-CUST000002,Liam,Johnson,Male,35,2020-11-30,TX,73301,Standard,Prime,1.9,Active,
B42-CUST000003,Sophie,Dubois,Female,42,2021-03-22,NY,10001,VIP,Standard,2.5,Active,
B42-CUST000004,Noah,Garcia,Male,31,2023-07-08,FL,33101,Premium,Prime,2.0,Active,
B42-CUST000005,Ava,Khan,Female,26,2020-02-19,CA,90001,VIP,Prime,2.2,Active,
B42-CUST000006,Lucas,Smith,Male,33,2024-01-03,IL,60601,Occasional,Standard,1.2,Active,
B42-CUST000007,Mia,Brown,Female,29,2021-09-12,WA,98101,Standard,Standard,1.5,Active,
B42-CUST000008,James,Martinez,Male,38,2020-08-25,NY,10002,Occasional,Prime,1.7,Churned,2023-06-15
B42-CUST000009,Chloe,Wilson,Female,22,2022-12-02,TX,73344,Occasional,Standard,1.3,Active,
B42-CUST000010,Oliver,Lee,Male,45,2023-04-17,CA,94016,Premium,Prime,2.4,Active,
B42-CUST000011,Ella,Kim,Female,27,2020-03-28,IL,60644,VIP,Prime,2.8,Active,
B42-CUST000012,Benjamin,Clark,Male,40,2021-06-09,GA,30301,Standard,Standard,1.6,Active,
B42-CUST000013,Zoey,Lopez,Female,34,2020-12-20,AZ,85001,Standard,Prime,1.8,Active,
B42-CUST000014,Henry,Nguyen,Male,52,2019-07-14, CA,94105,VIP,Standard,2.6,Active,
B42-CUST000015,Layla,Patel,Female,39,2022-11-11, NM,87501,Premium,Prime,2.3,Active,
B42-CUST000016,Daniel,Singh,Male,28,2023-05-21, NJ,07001,Occasional,Standard,1.4,Active,
B42-CUST000017,Grace,Davis,Female,31,2021-08-03, NC,27601,Standard,Prime,1.9,Active,
B42-CUST000018,Kai,Brown,Male,24,2020-10-29, VA,20101,Occasional,Standard,1.1,Active,
B42-CUST000019,Nora,Anderson,Female,33,2023-02-14, CO,80201,VIP,Prime,2.0,Active,
B42-CUST000020,Mason,Clarkson,Male,47,2019-09-09,WA,98004,Premium,Prime,2.1,Churned,2022-12-20
B43-CUST000001,Liam,Nguyen,Male,29,2021-04-15,CA,90001,Standard,Standard,1.6,Churned,2022-12-20
B43-CUST000002,Emma,Garcia,Female,34,2020-11-02,NY,10001,Occasional,Standard,1.2,Churned,2022-04-14
CUST000003,Noah,Smith,Male,42,2020-08-19,TX,73301,Standard,Prime,2.0,Active,
B43-CUST000004,Olivia,Martin,Female,26,2023-02-10,FL,33101,VIP,Prime,2.5,Active,
B43-CUST000005,Ava,Kumar,Female,31,2022-07-23,IL,60601,Premium,Prime,2.2,Active,
B43-CUST000006,Ethan,Brown,Male,38,2021-03-12,CA,94105,Standard,Standard,1.4,Churned,2023-02-18
B43-CUST000007,Isabella,Díaz,Female,27,2020-12-01,NY,10027,Occasional,Standard,1.1,Active,
B43-CUST000008,Mason,Lopez,Male,45,2022-05-09,TX,75001,Standard,Standard,1.5,Churned,2024-01-30
B43-CUST000009,Chloe,Wilson,Female,22,2023-09-18,CA,94107,Occasional,Standard,1.2,Active,
B43-CUST000010,Lucas,Martin,Male,33,2021-01-25,FL,32202,VIP,Prime,2.8,Active,
B43-CUST000011,Sophia,Clark,Female,28,2020-06-14,IL,60602,Premium,Prime,2.1,Active,
B43-CUST000012,James,Rodriguez,Male,41,2019-12-20,WA,98001,Standard,Standard,1.3,Churned,2021-07-11
B43-CUST000013,Mia,Hernandez,Female,36,2022-03-08,GA,30301,Occasional,Standard,1.0,Active,
B43-CUST000014,Benjamin,Ng,Male,29,2024-01-16,NY,11201,VIP,Prime,2.9,Active,
B43-CUST000015,Emma,Ahmed,Female,24,2020-09-09,CA,90002,Occasional,Standard,1.1,Churned,2021-12-05
B43-CUST000016,Daniel,Singh,Male,52,2023-04-04,TX,73344,Standard,Prime,1.6,Active,
B43-CUST000017,Grace,Kim,Female,31,2021-08-22,CA,90210,Standard,Prime,1.9,Active,
B43-CUST000018,Henry,Parker,Male,40,2020-02-14,WA,98101,Occasional,Standard,1.2,Active,
B43-CUST000019,Amelia,Rossi,Female,35,2022-10-30,GA,30303,VIP,Prime,2.6,Active,
B43-CUST000020,Oliver,Chen,Male,27,2021-07-07,FL,33601,Premium,Prime,2.4,Active,
CUST000001,Liam,Keller,Male,28,2021-05-14,CA,90001,Standard,Prime,1.8,Active,
CUST000002,Emma,Dubois,Female,34,2020-11-02,NY,10001,Occasional,Standard,1.6,Churned,2022-08-19
CUST000003,Noah,Patel,Male,22,2023-03-18,TX,73301,Standard,Standard,1.7,Active,
CUST000004,Olivia,Garcia,Female,29,2022-07-09,FL,33101,VIP,Prime,2.2,Active,
CUST000005,Ethan,Martinez,Male,41,2020-02-20,CA,90002,Premium,Prime,2.0,Active,
CUST000006,Ava,Ng,Female,26,2021-08-30,WA,98052,VIP,Standard,2.5,Active,
CUST000007,Lucas,Silva,Male,35,2020-12-15,IL,60601,Standard,Standard,1.7,Churned,2021-12-01
CUST000008,Mia,Rossi,Female,31,2023-01-05,NY,10002,Occasional,Standard,1.4,Active,
CUST000009,Oliver,Kim,Male,27,2024-04-22,TX,75001,Standard,Prime,1.9,Active,
CUST000010,Sophia,Brown,Female,24,2022-09-17,CA,94102,Occasional,Standard,1.5,Churned,2023-05-12
CUST000011,James,Nguyen,Male,38,2020-06-03,FL,33601,Standard,Prime,1.8,Active,
CUST000012,Isabella,Dupont,Female,29,2021-02-14,CA,90210,VIP,Prime,2.3,Active,
CUST000013,Henry,Schmidt,Male,45,2020-10-28,GA,30301,Premium,Prime,2.0,Active,
CUST000014,Chloe,Martin,Female,33,2022-05-11,NY,10003,VIP,Prime,2.4,Active,
CUST000015,Aaron,Lopez,Male,40,2021-07-19,AZ,85001,Standard,Standard,1.6,Active,
CUST000016,Grace,Kim,Female,23,2023-08-07,WA,98001,Occasional,Standard,1.3,Active,
CUST000017,Daniel,Patel,Male,37,2020-03-25,CA,94103,Standard,Prime,1.9,Churned,2022-04-02
CUST000018,Ella,Singh,Female,28,2024-01-12,TX,73344,Premium,Prime,2.1,Active,
CUST000019,Mason,Brown,Male,32,2020-09-09,VA,22101,VIP,Standard,2.6,Active,
CUST000020,Scarlett,Garcia,Female,26,2021-12-31,CA,90003,Occasional,Standard,1.4,Active,
CUST000001,Adele,Martin,Female,28,2022-03-14,CA,94107,Standard,Prime,1.8,Active,
CUST000002,Liam,Perez,Male,34,2020-11-02,NY,10001,Occasional,Standard,1.2,Churned,2022-04-15
CUST000003,Emma,Dubois,Female,41,2021-07-30,TX,73301,Standard,Standard,1.4,Active,
CUST000004,Noah,Kim,Male,25,2023-01-20,FL,33101,VIP,Prime,2.4,Active,
CUST000005,Sophia,Kim,Female,37,2020-12-05,CA,90001,VIP,Prime,2.6,Active,
CUST000006,Oliver,Singh,Male,29,2021-04-18,WA,98101,Premium,Prime,2.0,Active,
CUST000007,Isabella,Garcia,Female,32,2019-09-09,TX,75001,Premium,Standard,2.1,Churned,2023-01-22
CUST000008,James,Brown,Male,45,2022-08-22,NY,10027,Occasional,Standard,1.3,Active,
CUST000009,Mia,Lopez,Female,22,2024-02-14,CA,90012,Occasional,Standard,1.2,Active,
CUST000010,Lucas,Schmidt,Male,38,2020-05-03,IL,60601,Standard,Prime,1.7,Churned,2021-12-11
CUST000011,Charlotte,Nakamura,Female,27,2023-06-10,WA,98004,Standard,Prime,1.9,Active,
CUST000012,Henry,Nguyen,Male,33,2021-03-15,GA,30002,Standard,Standard,1.5,Active,
CUST000013,Ella,Petrov,Female,26,2022-09-01,NY,10004,Occasional,Prime,1.4,Active,
CUST000014,Daniel,Müller,Male,39,2020-07-22,CA,94102,Standard,Standard,1.6,Churned,2024-03-09
CUST000015,Grace,O'Connor,Female,31,2021-11-11,FL,33101,VIP,Prime,2.5,Active,
CUST000016,Aiden,Rossi,Male,40,2018-04-28,CA,90002,VIP,Prime,2.7,Active,
CUST000017,Luna,Kowalski,Female,23,2023-08-30,IL,60602,Occasional,Standard,1.2,Active,
CUST000018,Mason,Dubois,Male,35,2022-12-12,TX,73344,Standard,Prime,1.6,Active,
CUST000019,Chloe,Silva,Female,29,2020-06-07,CA,90026,Standard,Prime,1.9,Churned,2022-08-19
CUST000020,Ethan,Brown,Male,36,2021-09-09,NY,10027,Premium,Prime,2.1,Active,
CUST000001,Alexandra,Moreau,Female,32,2022-03-15,CA,90001,VIP,Prime,2.5,Active,
CUST000002,Liam,Martin,Male,25,2021-11-02,NY,10001,Standard,Standard,1.8,Churned,2023-08-14
CUST000003,Sophie,Dubois,Female,29,2020-07-19,TX,73301,Occasional,Standard,1.4,Churned,2022-12-21
CUST000004,Mason,Johnson,Male,41,2023-05-28,FL,33101,Standard,Prime,2.1,Active,
CUST000005,Ava,Kim,Female,38,2020-12-02,IL,60601,VIP,Prime,2.8,Active,
CUST000006,Noah,Garcia,Male,22,2022-09-14,CA,94102,Premium,Prime,2.2,Active,
CUST000007,Isabella,Rossi,Female,34,2021-02-20,NY,10011,VIP,Standard,2.6,Active,
CUST000008,James,Brown,Male,27,2020-08-05,TX,75001,Occasional,Standard,1.3,Churned,2023-04-09
CUST000009,Emma,Davis,Female,31,2024-01-30,FL,33101,Standard,Standard,1.9,Active,
CUST000010,Lucas,Martinez,Male,45,2022-06-18,IL,60614,Standard,Prime,2.0,Active,
CUST000011,Olivia,Lopez,Female,28,2023-09-12,CA,90012,Occasional,Standard,1.2,Churned,2024-02-02
CUST000012,Benjamin,Clark,Male,39,2021-04-07,NY,11201,Premium,Prime,2.4,Active,
CUST000013,Chloe,Ng,Female,26,2020-10-10,TX,73344,VIP,Prime,2.9,Active,
CUST000014,Ethan,Singh,Male,33,2019-12-25,CA,90002,VIP,Prime,3.0,Active,
CUST000015,Mia,Patel,Female,23,2023-03-03,FL,33109,Occasional,Standard,1.1,Churned,2024-05-18
CUST000016,Logan,Kim,Male,37,2022-11-11,IL,60607,Standard,Standard,1.7,Active,
CUST000017,Grace,Lee,Female,30,2021-07-07,NY,10013,Premium,Prime,2.1,Active,
CUST000018,Daniel,Khan,Male,40,2020-05-22,CA,94103,Standard,Standard,1.6,Churned,2023-09-15
CUST000019,Ella,Tran,Female,27,2024-07-19,TX,75002,Occasional,Prime,1.3,Active,
CUST000020,Henry,Allen,Male,34,2022-01-25,CA,90024,Premium,Prime,2.7,Active,
B47-CUST000001,Avery,Nguyen,Female,28,2023-05-14,CA,94107,Standard,Standard,1.4,Active,
B47-CUST000002,Liam,Martinez,Male,35,2020-11-22, NY,10001,Occasional,Standard,1.2,Churned,2022-12-15
B47-CUST000003,Noah,Kim,Male,42,2021-03-03,TX,73301,Standard,Prime,2.1,Active,
B47-CUST000004,Emma,Dubois,Female,31,2022-07-19,IL,60601,VIP,Prime,2.4,Active,
B47-CUST000005,Oliver,Sato,Male,27,2021-09-10,FL,33101,Premium,Prime,2.0,Active,
B47-CUST000006,Sophia,Rossi,Female,33,2020-02-28,CA,90001,VIP,Standard,2.5,Active,
B47-CUST000007,James,O'Neill,Male,29,2024-01-08,NY,10002,Occasional,Standard,1.3,Active,
B47-CUST000008,Charlotte,Kowalski,Female,22,2023-08-30,WA,98004,Occasional,Standard,1.2,Active,
B47-CUST000009,Lucas,Miller,Male,40,2020-12-15,CA,90210,Standard,Prime,2.0,Churned,2023-04-11
B47-CUST000010,Mia,Garcia,Female,26,2022-04-04,TX,77002,Standard,Standard,1.5,Active,
B47-CUST000011,Ethan,Perez,Male,39,2021-01-20,FL,33109,Standard,Prime,1.8,Active,
B47-CUST000012,Amelia,Clark,Female,34,2020-09-14,IL,60661,Premium,Standard,2.2,Active,
B47-CUST000013,Henry,Singh,Male,45,2023-06-01,CA,94016,VIP,Prime,2.8,Active,
B47-CUST000014,Ella,Kim,Female,23,2024-02-11,NY,10025,Occasional,Standard,1.1,Active,
B47-CUST000015,Daniel,Brown,Male,38,2022-10-05,TX,77005,Standard,Prime,1.9,Active,
B47-CUST000016,Grace,Martin,Female,32,2021-07-17,WA,98101,Premium,Prime,2.3,Active,
B47-CUST000017,Benjamin,Lopez,Male,31,2020-05-21,CA,94110,VIP,Standard,2.6,Active,
B47-CUST000018,Isabella,Ng,Female,29,2023-09-09,NY,11201,Occasional,Standard,1.4,Active,
B47-CUST000019,Michael,Davis,Male,36,2022-03-02,FL,32901,Standard,Prime,1.9,Active,
B47-CUST000020,Sofia,White,Female,27,2020-08-19,GA,30301,Occasional,Standard,1.3,Active,
CUST000001,Emma,Martin,Female,28,2023-06-15,CA,94105,Standard,Standard,1.8,Active,
CUST000002,Liam,Nguyen,Male,34,2021-11-02,TX,77002,VIP,Prime,2.6,Active,
CUST000003,Ava,Dubois,Female,42,2019-09-22,NY,10001,VIP,Prime,2.9,Churned,2022-12-05
CUST000004,Noah,Garcia,Male,31,2022-03-18,FL,33101,Premium,Prime,2.2,Active,
CUST000005,Olivia,Kim,Female,26,2020-07-30,CA,90001,Standard,Standard,1.6,Active,
CUST000006,Mason,Patel,Male,37,2021-02-14,TX,73301,Occasional,Standard,1.2,Churned,2023-08-19
CUST000007,Isabella,Rossi,Female,29,2024-01-08,WA,98052,Standard,Standard,1.9,Active,
CUST000008,Lucas,Schmidt,Male,45,2018-05-22,IL,60601,Occasional,Standard,1.4,Churned,2020-11-03
CUST000009,Sophia,Miller,Female,32,2022-09-11,CA,94107,Standard,Prime,2.0,Active,
CUST000010,Ethan,Silva,Male,39,2020-04-05,NY,10018,Standard,Standard,1.7,Active,
CUST000011,Mia,Chen,Female,25,2023-12-01,CA,90210,Occasional,Standard,1.3,Active,
CUST000012,James,Brown,Male,41,2019-03-25,TX,73344,Standard,Standard,1.9,Active,
CUST000013,Amelia,Davis,Female,33,2021-08-09,NY,10022,Premium,Prime,2.4,Active,
CUST000014,Benjamin,Lopez,Male,28,2022-10-17,FL,33130,VIP,Prime,2.7,Churned,2024-03-01
CUST000015,Ella,Singh,Female,36,2020-12-12,WA,98101,Standard,Prime,1.5,Active,
CUST000017,Grace,Lee,Female,27,2023-03-22,TX,75001,Standard,Prime,2.0,Active,
CUST000018,Daniel,White,Male,44,2016-08-19,NY,10010,Premium,Prime,2.5,Active,
CUST000019,Chloe,Martin,Female,22,2024-05-03,CA,94102,VIP,Prime,2.8,Active,
CUST000020,Oliver,Young,Male,38,2021-09-09,TX,73301,Standard,Standard,1.8,Active,
B49-CUST000001,Emma,Martin,Female,28,2021-04-15,CA,94107,Standard,Standard,1.2,Active,
B49-CUST000002,Liam,Brown,Male,34,2020-11-22,NY,10001,Occasional,Standard,1.4,Churned,2022-12-18
B49-CUST000003,Sophie,Dubois,Female,41,2022-03-08,CA,90012,VIP,Prime,2.5,Active,
B49-CUST000004,Noah,Garcia,Male,22,2023-06-19,TX,73301,Standard,Standard,1.35,Churned,2024-02-10
B49-CUST000005,Olivia,Martinez,Female,31,2020-02-14,FL,33101,Premium,Standard,1.8,Active,
B49-CUST000006,Lucas,Hernandez,Male,29,2021-09-03,IL,60601,Standard,Prime,2.1,Active,
B49-CUST000007,Mia,Lopez,Female,26,2022-07-21,WA,98101,VIP,Prime,2.7,Active,
B49-CUST000008,James,Gonzalez,Male,38,2020-08-30,GA,30301,Occasional,Standard,1.15,Churned,2023-04-02
B49-CUST000009,Ava,Rodriguez,Female,33,2021-12-01,NC,27501,Standard,Standard,1.25,Active,
B49-CUST000010,Ethan,Kim,Male,45,2019-05-14,AZ,85001,VIP,Prime,2.2,Active,
B49-CUST000011,Grace,Nguyen,Female,27,2023-01-17,CO,80202,Premium,Prime,2.0,Active,
B49-CUST000012,Henry,Singh,Male,52,2022-04-09,NY,10027,Standard,Standard,1.4,Active,
B49-CUST000013,Chloe,Kowalski,Female,19,2024-08-12,WI,53202,Occasional,Standard,1.1,Active,
B49-CUST000014,Daniel,Clark,Male,36,2021-07-07,OH,44101,Standard,Standard,1.3,Churned,2023-11-20
B49-CUST000015,Lily,Patel,Female,24,2023-03-25, NJ,07102,VIP,Prime,2.6,Active,
B49-CUST000016,Mason,Brownlee,Male,40,2020-10-18,CA,94104,Premium,Prime,2.3,Active,
B49-CUST000017,Isabella,Garcia,Female,35,2018-02-25,TX,73344,Standard,Prime,1.5,Churned,2022-08-15
B49-CUST000018,Benjamin,Lopez,Male,48,2019-09-10,FL,33101,Occasional,Standard,1.25,Active,
B49-CUST000019,Ella,Davis,Female,31,2022-05-21, IL,60614,Standard,Standard,1.3,Active,
B49-CUST000020,Sophia,Ramos,Female,29,2021-08-01,AZ,85714,VIP,Prime,2.4,Active,
B49-CUST000021,Jack,Young,Male,37,2020-03-03,CA,94105,Standard,Standard,1.3,Churned,2023-07-07
